fixture_id,site_id,site_code,jurisdiction_id,jurisdiction_code,psgc_code,catalog_presence,fixture_family,provenance_source,introducing_commit,purpose,current_status,effective_from,effective_to,identity_classification,proposed_disposition,realistic_mapping_status,notes
d968c9cd-730b-600d-578d-13ab9151d0e7,2ffd107f-dae4-99c1-a502-bb34c34c8127,SAMPLE-METRO-CEBU-0722140000-01,3709560e-a4ee-308d-8018-fda4bfe88dcd,PH-PSGC-0722140000,0722140000,CANONICAL_CLEAN_BUILD,I006_METROPOLITAN_SAMPLE,objects/reference-data/sites.synthetic-metropolitan-site-groups-sites.seed.sql,9d861ae9,Synthetic Site-to-LGU assignment for I-006 jurisdiction-coverage proof only.,ACTIVE,2026-07-27 16:00:00+00,,SYNTHETIC_NO_REALISTIC_EQUIVALENT,KEEP_FOR_TEST_SCOPE_ONLY,NO_REALISTIC_EQUIVALENT,The assignment belongs to a synthetic ordinal Site and cannot be transferred to a realistic Site.
18690959-7fac-80bd-c24c-44e4e3f3560f,26cf5d3c-1409-4cfc-b5fe-21dd0d327dda,SAMPLE-METRO-CEBU-0722140000-02,3709560e-a4ee-308d-8018-fda4bfe88dcd,PH-PSGC-0722140000,0722140000,CANONICAL_CLEAN_BUILD,I006_METROPOLITAN_SAMPLE,objects/reference-data/sites.synthetic-metropolitan-site-groups-sites.seed.sql,9d861ae9,Synthetic Site-to-LGU assignment for I-006 jurisdiction-coverage proof only.,ACTIVE,2026-07-27 16:00:00+00,,SYNTHETIC_NO_REALISTIC_EQUIVALENT,KEEP_FOR_TEST_SCOPE_ONLY,NO_REALISTIC_EQUIVALENT,The assignment belongs to a synthetic ordinal Site and cannot be transferred to a realistic Site.
0f581f59-56d1-e514-4a15-2ff19ec91ce9,c1b6e3bd-da76-2653-86b7-d3ceabba1c1d,SAMPLE-METRO-CEBU-0722170000-01,d83c443b-2358-2768-9c75-1a74e8e08034,PH-PSGC-0722170000,0722170000,CANONICAL_CLEAN_BUILD,I006_METROPOLITAN_SAMPLE,objects/reference-data/sites.synthetic-metropolitan-site-groups-sites.seed.sql,9d861ae9,Synthetic Site-to-LGU assignment for I-006 jurisdiction-coverage proof only.,ACTIVE,2026-07-27 16:00:00+00,,SYNTHETIC_NO_REALISTIC_EQUIVALENT,KEEP_FOR_TEST_SCOPE_ONLY,NO_REALISTIC_EQUIVALENT,The assignment belongs to a synthetic ordinal Site and cannot be transferred to a realistic Site.
38ad6f27-338b-644d-b494-1440143e743a,b0aae855-fbad-5569-9472-58dc09c895bb,SAMPLE-METRO-CEBU-0722170000-02,d83c443b-2358-2768-9c75-1a74e8e08034,PH-PSGC-0722170000,0722170000,CANONICAL_CLEAN_BUILD,I006_METROPOLITAN_SAMPLE,objects/reference-data/sites.synthetic-metropolitan-site-groups-sites.seed.sql,9d861ae9,Synthetic Site-to-LGU assignment for I-006 jurisdiction-coverage proof only.,ACTIVE,2026-07-27 16:00:00+00,,SYNTHETIC_NO_REALISTIC_EQUIVALENT,KEEP_FOR_TEST_SCOPE_ONLY,NO_REALISTIC_EQUIVALENT,The assignment belongs to a synthetic ordinal Site and cannot be transferred to a realistic Site.
3ea5f4d9-09ba-577e-0f3c-14f733dc582e,aa3b86da-ea88-d166-19ea-93a078308ffc,SAMPLE-METRO-CEBU-0722180000-01,73ba2f18-7c19-05d8-7706-45e9657b5205,PH-PSGC-0722180000,0722180000,CANONICAL_CLEAN_BUILD,I006_METROPOLITAN_SAMPLE,objects/reference-data/sites.synthetic-metropolitan-site-groups-sites.seed.sql,9d861ae9,Synthetic Site-to-LGU assignment for I-006 jurisdiction-coverage proof only.,ACTIVE,2026-07-27 16:00:00+00,,SYNTHETIC_NO_REALISTIC_EQUIVALENT,KEEP_FOR_TEST_SCOPE_ONLY,NO_REALISTIC_EQUIVALENT,The assignment belongs to a synthetic ordinal Site and cannot be transferred to a realistic Site.
a7d4f293-90d8-b3ae-12c6-0b40608ded1c,eadc4627-f2a1-8291-0f95-1099794060e6,SAMPLE-METRO-CEBU-0722180000-02,73ba2f18-7c19-05d8-7706-45e9657b5205,PH-PSGC-0722180000,0722180000,CANONICAL_CLEAN_BUILD,I006_METROPOLITAN_SAMPLE,objects/reference-data/sites.synthetic-metropolitan-site-groups-sites.seed.sql,9d861ae9,Synthetic Site-to-LGU assignment for I-006 jurisdiction-coverage proof only.,ACTIVE,2026-07-27 16:00:00+00,,SYNTHETIC_NO_REALISTIC_EQUIVALENT,KEEP_FOR_TEST_SCOPE_ONLY,NO_REALISTIC_EQUIVALENT,The assignment belongs to a synthetic ordinal Site and cannot be transferred to a realistic Site.
44300b77-3e24-c517-3c2a-6b41b2960ac7,d1f42a77-ac3e-ac6a-efd1-3786064308ff,SAMPLE-METRO-CEBU-0722190000-01,ffd6a45f-d050-8c48-374a-edf2ed70ccf2,PH-PSGC-0722190000,0722190000,CANONICAL_CLEAN_BUILD,I006_METROPOLITAN_SAMPLE,objects/reference-data/sites.synthetic-metropolitan-site-groups-sites.seed.sql,9d861ae9,Synthetic Site-to-LGU assignment for I-006 jurisdiction-coverage proof only.,ACTIVE,2026-07-27 16:00:00+00,,SYNTHETIC_NO_REALISTIC_EQUIVALENT,KEEP_FOR_TEST_SCOPE_ONLY,NO_REALISTIC_EQUIVALENT,The assignment belongs to a synthetic ordinal Site and cannot be transferred to a realistic Site.
1705abd1-10b2-b53b-e115-aff99453a726,06dd30e5-2c6f-38d4-5093-9c72c30e7972,SAMPLE-METRO-CEBU-0722190000-02,ffd6a45f-d050-8c48-374a-edf2ed70ccf2,PH-PSGC-0722190000,0722190000,CANONICAL_CLEAN_BUILD,I006_METROPOLITAN_SAMPLE,objects/reference-data/sites.synthetic-metropolitan-site-groups-sites.seed.sql,9d861ae9,Synthetic Site-to-LGU assignment for I-006 jurisdiction-coverage proof only.,ACTIVE,2026-07-27 16:00:00+00,,SYNTHETIC_NO_REALISTIC_EQUIVALENT,KEEP_FOR_TEST_SCOPE_ONLY,NO_REALISTIC_EQUIVALENT,The assignment belongs to a synthetic ordinal Site and cannot be transferred to a realistic Site.
4f8ef1d9-4747-708c-3f3a-a9bcfeb90dec,eb512092-c687-f743-a00e-ed2bd24e4c35,SAMPLE-METRO-CEBU-0722220000-01,8bfe28ca-1587-96c8-47e4-1ea8f1217741,PH-PSGC-0722220000,0722220000,CANONICAL_CLEAN_BUILD,I006_METROPOLITAN_SAMPLE,objects/reference-data/sites.synthetic-metropolitan-site-groups-sites.seed.sql,9d861ae9,Synthetic Site-to-LGU assignment for I-006 jurisdiction-coverage proof only.,ACTIVE,2026-07-27 16:00:00+00,,SYNTHETIC_NO_REALISTIC_EQUIVALENT,KEEP_FOR_TEST_SCOPE_ONLY,NO_REALISTIC_EQUIVALENT,The assignment belongs to a synthetic ordinal Site and cannot be transferred to a realistic Site.
819f22d8-0044-a199-3ee2-9550424427d0,b2df4156-e9f3-d83e-b3b4-dff05b2bc07e,SAMPLE-METRO-CEBU-0722220000-02,8bfe28ca-1587-96c8-47e4-1ea8f1217741,PH-PSGC-0722220000,0722220000,CANONICAL_CLEAN_BUILD,I006_METROPOLITAN_SAMPLE,objects/reference-data/sites.synthetic-metropolitan-site-groups-sites.seed.sql,9d861ae9,Synthetic Site-to-LGU assignment for I-006 jurisdiction-coverage proof only.,ACTIVE,2026-07-27 16:00:00+00,,SYNTHETIC_NO_REALISTIC_EQUIVALENT,KEEP_FOR_TEST_SCOPE_ONLY,NO_REALISTIC_EQUIVALENT,The assignment belongs to a synthetic ordinal Site and cannot be transferred to a realistic Site.
e5af0650-8dfc-e3ce-c5b5-6837ea9493f8,1d107594-c8f3-0438-85e4-8018b6ad16e6,SAMPLE-METRO-CEBU-0722270000-01,57581cf3-bdb3-7274-fd2f-fa9d8574b8b9,PH-PSGC-0722270000,0722270000,CANONICAL_CLEAN_BUILD,I006_METROPOLITAN_SAMPLE,objects/reference-data/sites.synthetic-metropolitan-site-groups-sites.seed.sql,9d861ae9,Synthetic Site-to-LGU assignment for I-006 jurisdiction-coverage proof only.,ACTIVE,2026-07-27 16:00:00+00,,SYNTHETIC_NO_REALISTIC_EQUIVALENT,KEEP_FOR_TEST_SCOPE_ONLY,NO_REALISTIC_EQUIVALENT,The assignment belongs to a synthetic ordinal Site and cannot be transferred to a realistic Site.
6d888744-148a-ef95-0cf9-10eb6b641d30,367b6555-35b7-471c-550c-92e2f601b329,SAMPLE-METRO-CEBU-0722270000-02,57581cf3-bdb3-7274-fd2f-fa9d8574b8b9,PH-PSGC-0722270000,0722270000,CANONICAL_CLEAN_BUILD,I006_METROPOLITAN_SAMPLE,objects/reference-data/sites.synthetic-metropolitan-site-groups-sites.seed.sql,9d861ae9,Synthetic Site-to-LGU assignment for I-006 jurisdiction-coverage proof only.,ACTIVE,2026-07-27 16:00:00+00,,SYNTHETIC_NO_REALISTIC_EQUIVALENT,KEEP_FOR_TEST_SCOPE_ONLY,NO_REALISTIC_EQUIVALENT,The assignment belongs to a synthetic ordinal Site and cannot be transferred to a realistic Site.
7807eb20-f3ea-2de9-9f0e-460619d42a09,afc0004e-0b6a-3f59-3d5a-ef0e41e7bf46,SAMPLE-METRO-CEBU-0722310000-01,42a7b40c-333b-ac53-66bb-167df0881ede,PH-PSGC-0722310000,0722310000,CANONICAL_CLEAN_BUILD,I006_METROPOLITAN_SAMPLE,objects/reference-data/sites.synthetic-metropolitan-site-groups-sites.seed.sql,9d861ae9,Synthetic Site-to-LGU assignment for I-006 jurisdiction-coverage proof only.,ACTIVE,2026-07-27 16:00:00+00,,SYNTHETIC_NO_REALISTIC_EQUIVALENT,KEEP_FOR_TEST_SCOPE_ONLY,NO_REALISTIC_EQUIVALENT,The assignment belongs to a synthetic ordinal Site and cannot be transferred to a realistic Site.
f028e687-8ee8-191e-2839-3067ca8f13f7,75da0fe3-afe2-247e-6e61-9abd0eb5154a,SAMPLE-METRO-CEBU-0722310000-02,42a7b40c-333b-ac53-66bb-167df0881ede,PH-PSGC-0722310000,0722310000,CANONICAL_CLEAN_BUILD,I006_METROPOLITAN_SAMPLE,objects/reference-data/sites.synthetic-metropolitan-site-groups-sites.seed.sql,9d861ae9,Synthetic Site-to-LGU assignment for I-006 jurisdiction-coverage proof only.,ACTIVE,2026-07-27 16:00:00+00,,SYNTHETIC_NO_REALISTIC_EQUIVALENT,KEEP_FOR_TEST_SCOPE_ONLY,NO_REALISTIC_EQUIVALENT,The assignment belongs to a synthetic ordinal Site and cannot be transferred to a realistic Site.
d5b9eeb9-6ec0-9275-0eef-711f9d99d1b9,12217b68-1723-020b-b440-b0e17ffd64e9,SAMPLE-METRO-CEBU-0722340000-01,0019b93b-dcef-28bb-155b-5510efb9e81a,PH-PSGC-0722340000,0722340000,CANONICAL_CLEAN_BUILD,I006_METROPOLITAN_SAMPLE,objects/reference-data/sites.synthetic-metropolitan-site-groups-sites.seed.sql,9d861ae9,Synthetic Site-to-LGU assignment for I-006 jurisdiction-coverage proof only.,ACTIVE,2026-07-27 16:00:00+00,,SYNTHETIC_NO_REALISTIC_EQUIVALENT,KEEP_FOR_TEST_SCOPE_ONLY,NO_REALISTIC_EQUIVALENT,The assignment belongs to a synthetic ordinal Site and cannot be transferred to a realistic Site.
40008b37-bc0f-4ba2-11c4-8932cdf9f0b5,bb477aa2-822c-4fbf-3dfb-c37e5c4a132e,SAMPLE-METRO-CEBU-0722340000-02,0019b93b-dcef-28bb-155b-5510efb9e81a,PH-PSGC-0722340000,0722340000,CANONICAL_CLEAN_BUILD,I006_METROPOLITAN_SAMPLE,objects/reference-data/sites.synthetic-metropolitan-site-groups-sites.seed.sql,9d861ae9,Synthetic Site-to-LGU assignment for I-006 jurisdiction-coverage proof only.,ACTIVE,2026-07-27 16:00:00+00,,SYNTHETIC_NO_REALISTIC_EQUIVALENT,KEEP_FOR_TEST_SCOPE_ONLY,NO_REALISTIC_EQUIVALENT,The assignment belongs to a synthetic ordinal Site and cannot be transferred to a realistic Site.
ca4cddb7-ef8c-01ef-adc0-d18bccb929f4,e7b1867a-c686-aac3-dd2c-58cfe4648cbd,SAMPLE-METRO-CEBU-0722410000-01,45916f34-a7fd-f559-4cf6-289adad35e3d,PH-PSGC-0722410000,0722410000,CANONICAL_CLEAN_BUILD,I006_METROPOLITAN_SAMPLE,objects/reference-data/sites.synthetic-metropolitan-site-groups-sites.seed.sql,9d861ae9,Synthetic Site-to-LGU assignment for I-006 jurisdiction-coverage proof only.,ACTIVE,2026-07-27 16:00:00+00,,SYNTHETIC_NO_REALISTIC_EQUIVALENT,KEEP_FOR_TEST_SCOPE_ONLY,NO_REALISTIC_EQUIVALENT,The assignment belongs to a synthetic ordinal Site and cannot be transferred to a realistic Site.
0e80a54a-1ff5-fc0a-2189-909a2162f42a,b6776266-e97b-42b3-5946-11d2bacbab14,SAMPLE-METRO-CEBU-0722410000-02,45916f34-a7fd-f559-4cf6-289adad35e3d,PH-PSGC-0722410000,0722410000,CANONICAL_CLEAN_BUILD,I006_METROPOLITAN_SAMPLE,objects/reference-data/sites.synthetic-metropolitan-site-groups-sites.seed.sql,9d861ae9,Synthetic Site-to-LGU assignment for I-006 jurisdiction-coverage proof only.,ACTIVE,2026-07-27 16:00:00+00,,SYNTHETIC_NO_REALISTIC_EQUIVALENT,KEEP_FOR_TEST_SCOPE_ONLY,NO_REALISTIC_EQUIVALENT,The assignment belongs to a synthetic ordinal Site and cannot be transferred to a realistic Site.
6d6a4bf2-6c18-629c-6c4c-820dfd25894f,7224333e-fb68-b2a2-9099-77433839b5e6,SAMPLE-METRO-CEBU-0722500000-01,a0fa46d8-416d-602e-4645-1005be6be601,PH-PSGC-0722500000,0722500000,CANONICAL_CLEAN_BUILD,I006_METROPOLITAN_SAMPLE,objects/reference-data/sites.synthetic-metropolitan-site-groups-sites.seed.sql,9d861ae9,Synthetic Site-to-LGU assignment for I-006 jurisdiction-coverage proof only.,ACTIVE,2026-07-27 16:00:00+00,,SYNTHETIC_NO_REALISTIC_EQUIVALENT,KEEP_FOR_TEST_SCOPE_ONLY,NO_REALISTIC_EQUIVALENT,The assignment belongs to a synthetic ordinal Site and cannot be transferred to a realistic Site.
c4a342c2-2cd5-d7d1-3d3e-9d5467f4323f,0691e758-5130-13ec-7bb2-3eaef4e57064,SAMPLE-METRO-CEBU-0722500000-02,a0fa46d8-416d-602e-4645-1005be6be601,PH-PSGC-0722500000,0722500000,CANONICAL_CLEAN_BUILD,I006_METROPOLITAN_SAMPLE,objects/reference-data/sites.synthetic-metropolitan-site-groups-sites.seed.sql,9d861ae9,Synthetic Site-to-LGU assignment for I-006 jurisdiction-coverage proof only.,ACTIVE,2026-07-27 16:00:00+00,,SYNTHETIC_NO_REALISTIC_EQUIVALENT,KEEP_FOR_TEST_SCOPE_ONLY,NO_REALISTIC_EQUIVALENT,The assignment belongs to a synthetic ordinal Site and cannot be transferred to a realistic Site.
2427d49c-83b5-6c9a-a98a-9f79d9e22569,4db4a5fd-463c-ce0f-7b57-df2fd522282d,SAMPLE-METRO-CEBU-0730220000-01,8a64a37c-1784-ec67-5fff-bbb82449dedc,PH-PSGC-0730220000,0730220000,CANONICAL_CLEAN_BUILD,I006_METROPOLITAN_SAMPLE,objects/reference-data/sites.synthetic-metropolitan-site-groups-sites.seed.sql,9d861ae9,Synthetic Site-to-LGU assignment for I-006 jurisdiction-coverage proof only.,ACTIVE,2026-07-27 16:00:00+00,,SYNTHETIC_NO_REALISTIC_EQUIVALENT,KEEP_FOR_TEST_SCOPE_ONLY,NO_REALISTIC_EQUIVALENT,The assignment belongs to a synthetic ordinal Site and cannot be transferred to a realistic Site.
c37ed7e3-73c0-8c7e-20ea-ddabd1d01e09,ebd48bbc-d781-c334-1ed5-33ebb47b776c,SAMPLE-METRO-CEBU-0730220000-02,8a64a37c-1784-ec67-5fff-bbb82449dedc,PH-PSGC-0730220000,0730220000,CANONICAL_CLEAN_BUILD,I006_METROPOLITAN_SAMPLE,objects/reference-data/sites.synthetic-metropolitan-site-groups-sites.seed.sql,9d861ae9,Synthetic Site-to-LGU assignment for I-006 jurisdiction-coverage proof only.,ACTIVE,2026-07-27 16:00:00+00,,SYNTHETIC_NO_REALISTIC_EQUIVALENT,KEEP_FOR_TEST_SCOPE_ONLY,NO_REALISTIC_EQUIVALENT,The assignment belongs to a synthetic ordinal Site and cannot be transferred to a realistic Site.
47ed2d79-a6a7-0ead-67ce-d07e2d1dab61,61411873-436c-19c1-3e93-f7484aea7843,SAMPLE-METRO-CEBU-0730600000-01,42689eb0-66a8-04bb-96fd-c8d32caad475,PH-PSGC-0730600000,0730600000,CANONICAL_CLEAN_BUILD,I006_METROPOLITAN_SAMPLE,objects/reference-data/sites.synthetic-metropolitan-site-groups-sites.seed.sql,9d861ae9,Synthetic Site-to-LGU assignment for I-006 jurisdiction-coverage proof only.,ACTIVE,2026-07-27 16:00:00+00,,SYNTHETIC_NO_REALISTIC_EQUIVALENT,KEEP_FOR_TEST_SCOPE_ONLY,NO_REALISTIC_EQUIVALENT,The assignment belongs to a synthetic ordinal Site and cannot be transferred to a realistic Site.
29b3d5a8-2dac-1620-28d9-7f9751599b03,20525272-1f3b-71ca-6672-b12ed8066a81,SAMPLE-METRO-CEBU-0730600000-02,42689eb0-66a8-04bb-96fd-c8d32caad475,PH-PSGC-0730600000,0730600000,CANONICAL_CLEAN_BUILD,I006_METROPOLITAN_SAMPLE,objects/reference-data/sites.synthetic-metropolitan-site-groups-sites.seed.sql,9d861ae9,Synthetic Site-to-LGU assignment for I-006 jurisdiction-coverage proof only.,ACTIVE,2026-07-27 16:00:00+00,,SYNTHETIC_NO_REALISTIC_EQUIVALENT,KEEP_FOR_TEST_SCOPE_ONLY,NO_REALISTIC_EQUIVALENT,The assignment belongs to a synthetic ordinal Site and cannot be transferred to a realistic Site.
4c6f0114-a5b4-922d-c114-66b1a6f47cf5,cc492872-9844-022d-b65c-f5cc71cfb9e9,SAMPLE-METRO-CEBU-0731100000-01,23104fc9-a144-381c-4347-ccb2aa1a2998,PH-PSGC-0731100000,0731100000,CANONICAL_CLEAN_BUILD,I006_METROPOLITAN_SAMPLE,objects/reference-data/sites.synthetic-metropolitan-site-groups-sites.seed.sql,9d861ae9,Synthetic Site-to-LGU assignment for I-006 jurisdiction-coverage proof only.,ACTIVE,2026-07-27 16:00:00+00,,SYNTHETIC_NO_REALISTIC_EQUIVALENT,KEEP_FOR_TEST_SCOPE_ONLY,NO_REALISTIC_EQUIVALENT,The assignment belongs to a synthetic ordinal Site and cannot be transferred to a realistic Site.
4fe25372-4fec-c42c-1210-ed35a56928c1,3e17d7e6-3558-30af-3a54-1c184b8f63cc,SAMPLE-METRO-CEBU-0731100000-02,23104fc9-a144-381c-4347-ccb2aa1a2998,PH-PSGC-0731100000,0731100000,CANONICAL_CLEAN_BUILD,I006_METROPOLITAN_SAMPLE,objects/reference-data/sites.synthetic-metropolitan-site-groups-sites.seed.sql,9d861ae9,Synthetic Site-to-LGU assignment for I-006 jurisdiction-coverage proof only.,ACTIVE,2026-07-27 16:00:00+00,,SYNTHETIC_NO_REALISTIC_EQUIVALENT,KEEP_FOR_TEST_SCOPE_ONLY,NO_REALISTIC_EQUIVALENT,The assignment belongs to a synthetic ordinal Site and cannot be transferred to a realistic Site.
23fe327a-be5b-2ba1-0b20-2007f8803f67,6c4567ea-b989-9ea9-5346-e672f6926f03,SAMPLE-METRO-DAVAO-1123030000-01,def9ac71-37b3-52e7-541e-ba3dd87ebd01,PH-PSGC-1123030000,1123030000,CANONICAL_CLEAN_BUILD,I006_METROPOLITAN_SAMPLE,objects/reference-data/sites.synthetic-metropolitan-site-groups-sites.seed.sql,9d861ae9,Synthetic Site-to-LGU assignment for I-006 jurisdiction-coverage proof only.,ACTIVE,2026-07-27 16:00:00+00,,SYNTHETIC_NO_REALISTIC_EQUIVALENT,KEEP_FOR_TEST_SCOPE_ONLY,NO_REALISTIC_EQUIVALENT,The assignment belongs to a synthetic ordinal Site and cannot be transferred to a realistic Site.
9032f213-0263-5d4c-9f5e-09422b8f91b3,62be0d9e-030d-95d8-cac4-efc3298e18fc,SAMPLE-METRO-DAVAO-1123030000-02,def9ac71-37b3-52e7-541e-ba3dd87ebd01,PH-PSGC-1123030000,1123030000,CANONICAL_CLEAN_BUILD,I006_METROPOLITAN_SAMPLE,objects/reference-data/sites.synthetic-metropolitan-site-groups-sites.seed.sql,9d861ae9,Synthetic Site-to-LGU assignment for I-006 jurisdiction-coverage proof only.,ACTIVE,2026-07-27 16:00:00+00,,SYNTHETIC_NO_REALISTIC_EQUIVALENT,KEEP_FOR_TEST_SCOPE_ONLY,NO_REALISTIC_EQUIVALENT,The assignment belongs to a synthetic ordinal Site and cannot be transferred to a realistic Site.
4f64f22a-e393-0f74-ea0f-9f38b155cf6c,d9c0c919-9e9a-9c3a-8702-637952510c5f,SAMPLE-METRO-DAVAO-1123150000-01,4524cfaa-c038-3ec9-8a6e-2513f65c67c1,PH-PSGC-1123150000,1123150000,CANONICAL_CLEAN_BUILD,I006_METROPOLITAN_SAMPLE,objects/reference-data/sites.synthetic-metropolitan-site-groups-sites.seed.sql,9d861ae9,Synthetic Site-to-LGU assignment for I-006 jurisdiction-coverage proof only.,ACTIVE,2026-07-27 16:00:00+00,,SYNTHETIC_NO_REALISTIC_EQUIVALENT,KEEP_FOR_TEST_SCOPE_ONLY,NO_REALISTIC_EQUIVALENT,The assignment belongs to a synthetic ordinal Site and cannot be transferred to a realistic Site.
db535512-7801-03a5-7271-67bf8bfdf11c,c7a66d24-6a70-0b97-e3e7-16ebd40ca07e,SAMPLE-METRO-DAVAO-1123150000-02,4524cfaa-c038-3ec9-8a6e-2513f65c67c1,PH-PSGC-1123150000,1123150000,CANONICAL_CLEAN_BUILD,I006_METROPOLITAN_SAMPLE,objects/reference-data/sites.synthetic-metropolitan-site-groups-sites.seed.sql,9d861ae9,Synthetic Site-to-LGU assignment for I-006 jurisdiction-coverage proof only.,ACTIVE,2026-07-27 16:00:00+00,,SYNTHETIC_NO_REALISTIC_EQUIVALENT,KEEP_FOR_TEST_SCOPE_ONLY,NO_REALISTIC_EQUIVALENT,The assignment belongs to a synthetic ordinal Site and cannot be transferred to a realistic Site.
178dab0b-5bbe-4654-637b-1816f0948e31,a59eb4c5-9400-9110-505c-f973721c48f1,SAMPLE-METRO-DAVAO-1123170000-01,6845ad3a-95d3-af8e-d3ae-81df4eb3ff97,PH-PSGC-1123170000,1123170000,CANONICAL_CLEAN_BUILD,I006_METROPOLITAN_SAMPLE,objects/reference-data/sites.synthetic-metropolitan-site-groups-sites.seed.sql,9d861ae9,Synthetic Site-to-LGU assignment for I-006 jurisdiction-coverage proof only.,ACTIVE,2026-07-27 16:00:00+00,,SYNTHETIC_NO_REALISTIC_EQUIVALENT,KEEP_FOR_TEST_SCOPE_ONLY,NO_REALISTIC_EQUIVALENT,The assignment belongs to a synthetic ordinal Site and cannot be transferred to a realistic Site.
dfbe4c95-f6ad-84e1-1804-76b0c030a756,b602683d-417b-66fd-ea29-1df38e7faeea,SAMPLE-METRO-DAVAO-1123170000-02,6845ad3a-95d3-af8e-d3ae-81df4eb3ff97,PH-PSGC-1123170000,1123170000,CANONICAL_CLEAN_BUILD,I006_METROPOLITAN_SAMPLE,objects/reference-data/sites.synthetic-metropolitan-site-groups-sites.seed.sql,9d861ae9,Synthetic Site-to-LGU assignment for I-006 jurisdiction-coverage proof only.,ACTIVE,2026-07-27 16:00:00+00,,SYNTHETIC_NO_REALISTIC_EQUIVALENT,KEEP_FOR_TEST_SCOPE_ONLY,NO_REALISTIC_EQUIVALENT,The assignment belongs to a synthetic ordinal Site and cannot be transferred to a realistic Site.
2f0d0132-4802-72bf-02da-c97d0b0a1e80,9d09ffc1-5a21-7131-7fa7-7e1f7e3ada51,SAMPLE-METRO-DAVAO-1123190000-01,cd35d5ea-e4c1-a824-fdb0-d44fb115c3d2,PH-PSGC-1123190000,1123190000,CANONICAL_CLEAN_BUILD,I006_METROPOLITAN_SAMPLE,objects/reference-data/sites.synthetic-metropolitan-site-groups-sites.seed.sql,9d861ae9,Synthetic Site-to-LGU assignment for I-006 jurisdiction-coverage proof only.,ACTIVE,2026-07-27 16:00:00+00,,SYNTHETIC_NO_REALISTIC_EQUIVALENT,KEEP_FOR_TEST_SCOPE_ONLY,NO_REALISTIC_EQUIVALENT,The assignment belongs to a synthetic ordinal Site and cannot be transferred to a realistic Site.
3982ad86-901e-1574-6f0d-357582a13d63,7a279924-8753-161c-a300-446b50b841b1,SAMPLE-METRO-DAVAO-1123190000-02,cd35d5ea-e4c1-a824-fdb0-d44fb115c3d2,PH-PSGC-1123190000,1123190000,CANONICAL_CLEAN_BUILD,I006_METROPOLITAN_SAMPLE,objects/reference-data/sites.synthetic-metropolitan-site-groups-sites.seed.sql,9d861ae9,Synthetic Site-to-LGU assignment for I-006 jurisdiction-coverage proof only.,ACTIVE,2026-07-27 16:00:00+00,,SYNTHETIC_NO_REALISTIC_EQUIVALENT,KEEP_FOR_TEST_SCOPE_ONLY,NO_REALISTIC_EQUIVALENT,The assignment belongs to a synthetic ordinal Site and cannot be transferred to a realistic Site.
7af01ab5-0983-bdb3-e7fc-1d2ee347a333,5b5fc059-ac1e-c092-4bed-88545d6179b6,SAMPLE-METRO-DAVAO-1124030000-01,f8d4277e-e895-9cad-4b6f-a804a2b32636,PH-PSGC-1124030000,1124030000,CANONICAL_CLEAN_BUILD,I006_METROPOLITAN_SAMPLE,objects/reference-data/sites.synthetic-metropolitan-site-groups-sites.seed.sql,9d861ae9,Synthetic Site-to-LGU assignment for I-006 jurisdiction-coverage proof only.,ACTIVE,2026-07-27 16:00:00+00,,SYNTHETIC_NO_REALISTIC_EQUIVALENT,KEEP_FOR_TEST_SCOPE_ONLY,NO_REALISTIC_EQUIVALENT,The assignment belongs to a synthetic ordinal Site and cannot be transferred to a realistic Site.
8525fae3-b2ae-f2cd-7016-a5a8c49b4a32,dc6f54f2-48f3-0bb3-4757-548c2343c1c9,SAMPLE-METRO-DAVAO-1124030000-02,f8d4277e-e895-9cad-4b6f-a804a2b32636,PH-PSGC-1124030000,1124030000,CANONICAL_CLEAN_BUILD,I006_METROPOLITAN_SAMPLE,objects/reference-data/sites.synthetic-metropolitan-site-groups-sites.seed.sql,9d861ae9,Synthetic Site-to-LGU assignment for I-006 jurisdiction-coverage proof only.,ACTIVE,2026-07-27 16:00:00+00,,SYNTHETIC_NO_REALISTIC_EQUIVALENT,KEEP_FOR_TEST_SCOPE_ONLY,NO_REALISTIC_EQUIVALENT,The assignment belongs to a synthetic ordinal Site and cannot be transferred to a realistic Site.
ad28dc41-3843-46a9-d26f-d1ab322042f2,c9dd87ab-f48d-1e1e-6993-0ceb1795929e,SAMPLE-METRO-DAVAO-1124040000-01,9ab73262-484d-bdd9-e7b1-ee65da53efd6,PH-PSGC-1124040000,1124040000,CANONICAL_CLEAN_BUILD,I006_METROPOLITAN_SAMPLE,objects/reference-data/sites.synthetic-metropolitan-site-groups-sites.seed.sql,9d861ae9,Synthetic Site-to-LGU assignment for I-006 jurisdiction-coverage proof only.,ACTIVE,2026-07-27 16:00:00+00,,SYNTHETIC_NO_REALISTIC_EQUIVALENT,KEEP_FOR_TEST_SCOPE_ONLY,NO_REALISTIC_EQUIVALENT,The assignment belongs to a synthetic ordinal Site and cannot be transferred to a realistic Site.
5ed23e04-2872-6fcb-2f4f-e191af6e8403,a6d65d3e-20e9-a143-6329-a509825c776f,SAMPLE-METRO-DAVAO-1124040000-02,9ab73262-484d-bdd9-e7b1-ee65da53efd6,PH-PSGC-1124040000,1124040000,CANONICAL_CLEAN_BUILD,I006_METROPOLITAN_SAMPLE,objects/reference-data/sites.synthetic-metropolitan-site-groups-sites.seed.sql,9d861ae9,Synthetic Site-to-LGU assignment for I-006 jurisdiction-coverage proof only.,ACTIVE,2026-07-27 16:00:00+00,,SYNTHETIC_NO_REALISTIC_EQUIVALENT,KEEP_FOR_TEST_SCOPE_ONLY,NO_REALISTIC_EQUIVALENT,The assignment belongs to a synthetic ordinal Site and cannot be transferred to a realistic Site.
bfaf2322-baa7-30fb-5431-57675b87a917,036d4ee0-7bf6-6a56-225b-b45ba50b3830,SAMPLE-METRO-DAVAO-1124060000-01,ed497952-bd57-f47b-e500-0ea2b2498c08,PH-PSGC-1124060000,1124060000,CANONICAL_CLEAN_BUILD,I006_METROPOLITAN_SAMPLE,objects/reference-data/sites.synthetic-metropolitan-site-groups-sites.seed.sql,9d861ae9,Synthetic Site-to-LGU assignment for I-006 jurisdiction-coverage proof only.,ACTIVE,2026-07-27 16:00:00+00,,SYNTHETIC_NO_REALISTIC_EQUIVALENT,KEEP_FOR_TEST_SCOPE_ONLY,NO_REALISTIC_EQUIVALENT,The assignment belongs to a synthetic ordinal Site and cannot be transferred to a realistic Site.
9d1b3e39-31cd-84aa-e88d-06c727c0e9be,9e0cdf9c-c7c1-e3cb-7b90-38e065c0afd4,SAMPLE-METRO-DAVAO-1124060000-02,ed497952-bd57-f47b-e500-0ea2b2498c08,PH-PSGC-1124060000,1124060000,CANONICAL_CLEAN_BUILD,I006_METROPOLITAN_SAMPLE,objects/reference-data/sites.synthetic-metropolitan-site-groups-sites.seed.sql,9d861ae9,Synthetic Site-to-LGU assignment for I-006 jurisdiction-coverage proof only.,ACTIVE,2026-07-27 16:00:00+00,,SYNTHETIC_NO_REALISTIC_EQUIVALENT,KEEP_FOR_TEST_SCOPE_ONLY,NO_REALISTIC_EQUIVALENT,The assignment belongs to a synthetic ordinal Site and cannot be transferred to a realistic Site.
033f9b04-842f-2db5-cb53-a17940ebe13b,076a2962-f41b-f0a7-2eda-cfc29f401e61,SAMPLE-METRO-DAVAO-1124070000-01,3f51597d-cad1-e437-8832-a4a631024cd1,PH-PSGC-1124070000,1124070000,CANONICAL_CLEAN_BUILD,I006_METROPOLITAN_SAMPLE,objects/reference-data/sites.synthetic-metropolitan-site-groups-sites.seed.sql,9d861ae9,Synthetic Site-to-LGU assignment for I-006 jurisdiction-coverage proof only.,ACTIVE,2026-07-27 16:00:00+00,,SYNTHETIC_NO_REALISTIC_EQUIVALENT,KEEP_FOR_TEST_SCOPE_ONLY,NO_REALISTIC_EQUIVALENT,The assignment belongs to a synthetic ordinal Site and cannot be transferred to a realistic Site.
3db2fd13-802a-9600-328a-960a21fdf317,20b5afc5-06c7-3f67-2633-3a1ddcfc819c,SAMPLE-METRO-DAVAO-1124070000-02,3f51597d-cad1-e437-8832-a4a631024cd1,PH-PSGC-1124070000,1124070000,CANONICAL_CLEAN_BUILD,I006_METROPOLITAN_SAMPLE,objects/reference-data/sites.synthetic-metropolitan-site-groups-sites.seed.sql,9d861ae9,Synthetic Site-to-LGU assignment for I-006 jurisdiction-coverage proof only.,ACTIVE,2026-07-27 16:00:00+00,,SYNTHETIC_NO_REALISTIC_EQUIVALENT,KEEP_FOR_TEST_SCOPE_ONLY,NO_REALISTIC_EQUIVALENT,The assignment belongs to a synthetic ordinal Site and cannot be transferred to a realistic Site.
4f4a6b0a-9d97-2994-c077-b80e182d7b53,faea2c47-f5dc-4898-fcb6-6599ae98d0c0,SAMPLE-METRO-DAVAO-1124110000-01,f3fdc650-b0d8-5024-2a1c-946c91e8433c,PH-PSGC-1124110000,1124110000,CANONICAL_CLEAN_BUILD,I006_METROPOLITAN_SAMPLE,objects/reference-data/sites.synthetic-metropolitan-site-groups-sites.seed.sql,9d861ae9,Synthetic Site-to-LGU assignment for I-006 jurisdiction-coverage proof only.,ACTIVE,2026-07-27 16:00:00+00,,SYNTHETIC_NO_REALISTIC_EQUIVALENT,KEEP_FOR_TEST_SCOPE_ONLY,NO_REALISTIC_EQUIVALENT,The assignment belongs to a synthetic ordinal Site and cannot be transferred to a realistic Site.
415f3bc6-4df9-efb0-e06a-273523aeea02,65b88398-0c3a-89e1-8734-98553f48e17f,SAMPLE-METRO-DAVAO-1124110000-02,f3fdc650-b0d8-5024-2a1c-946c91e8433c,PH-PSGC-1124110000,1124110000,CANONICAL_CLEAN_BUILD,I006_METROPOLITAN_SAMPLE,objects/reference-data/sites.synthetic-metropolitan-site-groups-sites.seed.sql,9d861ae9,Synthetic Site-to-LGU assignment for I-006 jurisdiction-coverage proof only.,ACTIVE,2026-07-27 16:00:00+00,,SYNTHETIC_NO_REALISTIC_EQUIVALENT,KEEP_FOR_TEST_SCOPE_ONLY,NO_REALISTIC_EQUIVALENT,The assignment belongs to a synthetic ordinal Site and cannot be transferred to a realistic Site.
817e7b5f-47d3-8e77-333f-3fb48c33a0f0,e6fbbb7d-b668-6b83-0283-7003bf762da5,SAMPLE-METRO-DAVAO-1124140000-01,c2d612ba-c127-57d5-cabf-968795944b18,PH-PSGC-1124140000,1124140000,CANONICAL_CLEAN_BUILD,I006_METROPOLITAN_SAMPLE,objects/reference-data/sites.synthetic-metropolitan-site-groups-sites.seed.sql,9d861ae9,Synthetic Site-to-LGU assignment for I-006 jurisdiction-coverage proof only.,ACTIVE,2026-07-27 16:00:00+00,,SYNTHETIC_NO_REALISTIC_EQUIVALENT,KEEP_FOR_TEST_SCOPE_ONLY,NO_REALISTIC_EQUIVALENT,The assignment belongs to a synthetic ordinal Site and cannot be transferred to a realistic Site.
275703b2-748e-29f9-e7dc-49f467655399,6b08b5f9-0aa3-2950-204e-d452941c3ab5,SAMPLE-METRO-DAVAO-1124140000-02,c2d612ba-c127-57d5-cabf-968795944b18,PH-PSGC-1124140000,1124140000,CANONICAL_CLEAN_BUILD,I006_METROPOLITAN_SAMPLE,objects/reference-data/sites.synthetic-metropolitan-site-groups-sites.seed.sql,9d861ae9,Synthetic Site-to-LGU assignment for I-006 jurisdiction-coverage proof only.,ACTIVE,2026-07-27 16:00:00+00,,SYNTHETIC_NO_REALISTIC_EQUIVALENT,KEEP_FOR_TEST_SCOPE_ONLY,NO_REALISTIC_EQUIVALENT,The assignment belongs to a synthetic ordinal Site and cannot be transferred to a realistic Site.
9062aa0b-0c5c-0efe-7cc4-ff8cc24341b2,7d1da06d-e5c6-d989-661b-7b41ab83998c,SAMPLE-METRO-DAVAO-1125090000-01,1d0c8277-7f9c-afcb-ccd5-04776b956459,PH-PSGC-1125090000,1125090000,CANONICAL_CLEAN_BUILD,I006_METROPOLITAN_SAMPLE,objects/reference-data/sites.synthetic-metropolitan-site-groups-sites.seed.sql,9d861ae9,Synthetic Site-to-LGU assignment for I-006 jurisdiction-coverage proof only.,ACTIVE,2026-07-27 16:00:00+00,,SYNTHETIC_NO_REALISTIC_EQUIVALENT,KEEP_FOR_TEST_SCOPE_ONLY,NO_REALISTIC_EQUIVALENT,The assignment belongs to a synthetic ordinal Site and cannot be transferred to a realistic Site.
3f480f91-0cd8-fae5-0ef7-6af789a0c74d,db48750a-ade2-f0ad-4431-60dde15bdcd9,SAMPLE-METRO-DAVAO-1125090000-02,1d0c8277-7f9c-afcb-ccd5-04776b956459,PH-PSGC-1125090000,1125090000,CANONICAL_CLEAN_BUILD,I006_METROPOLITAN_SAMPLE,objects/reference-data/sites.synthetic-metropolitan-site-groups-sites.seed.sql,9d861ae9,Synthetic Site-to-LGU assignment for I-006 jurisdiction-coverage proof only.,ACTIVE,2026-07-27 16:00:00+00,,SYNTHETIC_NO_REALISTIC_EQUIVALENT,KEEP_FOR_TEST_SCOPE_ONLY,NO_REALISTIC_EQUIVALENT,The assignment belongs to a synthetic ordinal Site and cannot be transferred to a realistic Site.
e3f789e7-234b-fa34-6d4e-1d694ab6e404,ca3373c8-4afb-392e-648c-220e620467ef,SAMPLE-METRO-DAVAO-1130700000-01,2ebef844-416b-c827-357c-742d2c8d56aa,PH-PSGC-1130700000,1130700000,CANONICAL_CLEAN_BUILD,I006_METROPOLITAN_SAMPLE,objects/reference-data/sites.synthetic-metropolitan-site-groups-sites.seed.sql,9d861ae9,Synthetic Site-to-LGU assignment for I-006 jurisdiction-coverage proof only.,ACTIVE,2026-07-27 16:00:00+00,,SYNTHETIC_NO_REALISTIC_EQUIVALENT,KEEP_FOR_TEST_SCOPE_ONLY,NO_REALISTIC_EQUIVALENT,The assignment belongs to a synthetic ordinal Site and cannot be transferred to a realistic Site.
6f59b3af-6a5a-3ad8-0f45-8c595597c6e6,aae6df3d-8498-ddf5-c473-9d72927fb32f,SAMPLE-METRO-DAVAO-1130700000-02,2ebef844-416b-c827-357c-742d2c8d56aa,PH-PSGC-1130700000,1130700000,CANONICAL_CLEAN_BUILD,I006_METROPOLITAN_SAMPLE,objects/reference-data/sites.synthetic-metropolitan-site-groups-sites.seed.sql,9d861ae9,Synthetic Site-to-LGU assignment for I-006 jurisdiction-coverage proof only.,ACTIVE,2026-07-27 16:00:00+00,,SYNTHETIC_NO_REALISTIC_EQUIVALENT,KEEP_FOR_TEST_SCOPE_ONLY,NO_REALISTIC_EQUIVALENT,The assignment belongs to a synthetic ordinal Site and cannot be transferred to a realistic Site.
878a20e1-5aa2-9766-a579-4b2e546603d1,dbe0a29b-4931-fe4f-79cf-018320a33bc7,SAMPLE-METRO-DAVAO-1182040000-01,49b83757-c7cd-7922-a259-113a6d4ca38b,PH-PSGC-1182040000,1182040000,CANONICAL_CLEAN_BUILD,I006_METROPOLITAN_SAMPLE,objects/reference-data/sites.synthetic-metropolitan-site-groups-sites.seed.sql,9d861ae9,Synthetic Site-to-LGU assignment for I-006 jurisdiction-coverage proof only.,ACTIVE,2026-07-27 16:00:00+00,,SYNTHETIC_NO_REALISTIC_EQUIVALENT,KEEP_FOR_TEST_SCOPE_ONLY,NO_REALISTIC_EQUIVALENT,The assignment belongs to a synthetic ordinal Site and cannot be transferred to a realistic Site.
08eb986b-c806-1520-9ab3-901a5b176cfc,2ea591c9-d63a-6730-e560-a5a8f4cc975e,SAMPLE-METRO-DAVAO-1182040000-02,49b83757-c7cd-7922-a259-113a6d4ca38b,PH-PSGC-1182040000,1182040000,CANONICAL_CLEAN_BUILD,I006_METROPOLITAN_SAMPLE,objects/reference-data/sites.synthetic-metropolitan-site-groups-sites.seed.sql,9d861ae9,Synthetic Site-to-LGU assignment for I-006 jurisdiction-coverage proof only.,ACTIVE,2026-07-27 16:00:00+00,,SYNTHETIC_NO_REALISTIC_EQUIVALENT,KEEP_FOR_TEST_SCOPE_ONLY,NO_REALISTIC_EQUIVALENT,The assignment belongs to a synthetic ordinal Site and cannot be transferred to a realistic Site.
cef95aee-a574-4557-1f6a-f04164c148b9,3c4dcad7-6e70-448d-e178-b9362b8901b1,SAMPLE-METRO-DAVAO-1186030000-01,cd133430-49aa-1fef-d878-3ad849a09284,PH-PSGC-1186030000,1186030000,CANONICAL_CLEAN_BUILD,I006_METROPOLITAN_SAMPLE,objects/reference-data/sites.synthetic-metropolitan-site-groups-sites.seed.sql,9d861ae9,Synthetic Site-to-LGU assignment for I-006 jurisdiction-coverage proof only.,ACTIVE,2026-07-27 16:00:00+00,,SYNTHETIC_NO_REALISTIC_EQUIVALENT,KEEP_FOR_TEST_SCOPE_ONLY,NO_REALISTIC_EQUIVALENT,The assignment belongs to a synthetic ordinal Site and cannot be transferred to a realistic Site.
451aa420-57c7-a8ca-1298-0ea63be95115,b5b068c5-2b11-1ee2-fd13-3c7d5ed94938,SAMPLE-METRO-DAVAO-1186030000-02,cd133430-49aa-1fef-d878-3ad849a09284,PH-PSGC-1186030000,1186030000,CANONICAL_CLEAN_BUILD,I006_METROPOLITAN_SAMPLE,objects/reference-data/sites.synthetic-metropolitan-site-groups-sites.seed.sql,9d861ae9,Synthetic Site-to-LGU assignment for I-006 jurisdiction-coverage proof only.,ACTIVE,2026-07-27 16:00:00+00,,SYNTHETIC_NO_REALISTIC_EQUIVALENT,KEEP_FOR_TEST_SCOPE_ONLY,NO_REALISTIC_EQUIVALENT,The assignment belongs to a synthetic ordinal Site and cannot be transferred to a realistic Site.
ad383868-17a4-abfc-c5a8-3a7d5e70ba73,25e9bafa-1ef3-74f5-0723-c5738cef5990,SAMPLE-METRO-DAVAO-1186040000-01,30f144ee-aa5b-9e77-ec7b-fba20d8e8130,PH-PSGC-1186040000,1186040000,CANONICAL_CLEAN_BUILD,I006_METROPOLITAN_SAMPLE,objects/reference-data/sites.synthetic-metropolitan-site-groups-sites.seed.sql,9d861ae9,Synthetic Site-to-LGU assignment for I-006 jurisdiction-coverage proof only.,ACTIVE,2026-07-27 16:00:00+00,,SYNTHETIC_NO_REALISTIC_EQUIVALENT,KEEP_FOR_TEST_SCOPE_ONLY,NO_REALISTIC_EQUIVALENT,The assignment belongs to a synthetic ordinal Site and cannot be transferred to a realistic Site.
5ed22d5e-bc70-83cb-1d1d-15f6590d7d01,b5ffe5ed-ea53-f057-13f1-4ab8c86be719,SAMPLE-METRO-DAVAO-1186040000-02,30f144ee-aa5b-9e77-ec7b-fba20d8e8130,PH-PSGC-1186040000,1186040000,CANONICAL_CLEAN_BUILD,I006_METROPOLITAN_SAMPLE,objects/reference-data/sites.synthetic-metropolitan-site-groups-sites.seed.sql,9d861ae9,Synthetic Site-to-LGU assignment for I-006 jurisdiction-coverage proof only.,ACTIVE,2026-07-27 16:00:00+00,,SYNTHETIC_NO_REALISTIC_EQUIVALENT,KEEP_FOR_TEST_SCOPE_ONLY,NO_REALISTIC_EQUIVALENT,The assignment belongs to a synthetic ordinal Site and cannot be transferred to a realistic Site.
68677108-45e5-9812-5399-f6293205ac68,24e9a01f-bbfc-3f79-ffb0-eac736a27b57,SAMPLE-METRO-MANILA-1380100000-01,144626f1-4ec1-26b9-caa0-a815faf650af,PH-PSGC-1380100000,1380100000,CANONICAL_CLEAN_BUILD,I006_METROPOLITAN_SAMPLE,objects/reference-data/sites.synthetic-metropolitan-site-groups-sites.seed.sql,9d861ae9,Synthetic Site-to-LGU assignment for I-006 jurisdiction-coverage proof only.,ACTIVE,2026-07-27 16:00:00+00,,SYNTHETIC_NO_REALISTIC_EQUIVALENT,KEEP_FOR_TEST_SCOPE_ONLY,NO_REALISTIC_EQUIVALENT,The assignment belongs to a synthetic ordinal Site and cannot be transferred to a realistic Site.
a8076a99-80fb-4e4b-12f7-4f4ff5ccc9c8,d8f6f389-0904-2946-ebf2-898e9977e6ce,SAMPLE-METRO-MANILA-1380100000-02,144626f1-4ec1-26b9-caa0-a815faf650af,PH-PSGC-1380100000,1380100000,CANONICAL_CLEAN_BUILD,I006_METROPOLITAN_SAMPLE,objects/reference-data/sites.synthetic-metropolitan-site-groups-sites.seed.sql,9d861ae9,Synthetic Site-to-LGU assignment for I-006 jurisdiction-coverage proof only.,ACTIVE,2026-07-27 16:00:00+00,,SYNTHETIC_NO_REALISTIC_EQUIVALENT,KEEP_FOR_TEST_SCOPE_ONLY,NO_REALISTIC_EQUIVALENT,The assignment belongs to a synthetic ordinal Site and cannot be transferred to a realistic Site.
35baa237-3916-bb3f-413b-3f219c785f1b,df0deeec-832b-3e8d-dc21-943f16648499,SAMPLE-METRO-MANILA-1380200000-01,ff363ed0-30cb-8f3a-8e42-da61609de413,PH-PSGC-1380200000,1380200000,CANONICAL_CLEAN_BUILD,I006_METROPOLITAN_SAMPLE,objects/reference-data/sites.synthetic-metropolitan-site-groups-sites.seed.sql,9d861ae9,Synthetic Site-to-LGU assignment for I-006 jurisdiction-coverage proof only.,ACTIVE,2026-07-27 16:00:00+00,,SYNTHETIC_NO_REALISTIC_EQUIVALENT,KEEP_FOR_TEST_SCOPE_ONLY,NO_REALISTIC_EQUIVALENT,The assignment belongs to a synthetic ordinal Site and cannot be transferred to a realistic Site.
1860ee90-dce4-41e7-b40f-2555299d5c18,6b55261e-626c-446e-3f05-7c74ddaffc95,SAMPLE-METRO-MANILA-1380200000-02,ff363ed0-30cb-8f3a-8e42-da61609de413,PH-PSGC-1380200000,1380200000,CANONICAL_CLEAN_BUILD,I006_METROPOLITAN_SAMPLE,objects/reference-data/sites.synthetic-metropolitan-site-groups-sites.seed.sql,9d861ae9,Synthetic Site-to-LGU assignment for I-006 jurisdiction-coverage proof only.,ACTIVE,2026-07-27 16:00:00+00,,SYNTHETIC_NO_REALISTIC_EQUIVALENT,KEEP_FOR_TEST_SCOPE_ONLY,NO_REALISTIC_EQUIVALENT,The assignment belongs to a synthetic ordinal Site and cannot be transferred to a realistic Site.
deafd98d-d146-5bc6-45bb-c2333db66eb4,c1799874-f885-b0a4-678f-06a6cc689f6f,SAMPLE-METRO-MANILA-1380300000-01,557b0a76-8ffe-0818-d342-5b86dba06705,PH-PSGC-1380300000,1380300000,CANONICAL_CLEAN_BUILD,I006_METROPOLITAN_SAMPLE,objects/reference-data/sites.synthetic-metropolitan-site-groups-sites.seed.sql,9d861ae9,Synthetic Site-to-LGU assignment for I-006 jurisdiction-coverage proof only.,ACTIVE,2026-07-27 16:00:00+00,,SYNTHETIC_NO_REALISTIC_EQUIVALENT,KEEP_FOR_TEST_SCOPE_ONLY,NO_REALISTIC_EQUIVALENT,The assignment belongs to a synthetic ordinal Site and cannot be transferred to a realistic Site.
aa55aa4f-e1a9-81f5-e0b6-8cf96a38f831,676706a6-d8be-3a97-9aee-7e76dc6f81bd,SAMPLE-METRO-MANILA-1380300000-02,557b0a76-8ffe-0818-d342-5b86dba06705,PH-PSGC-1380300000,1380300000,CANONICAL_CLEAN_BUILD,I006_METROPOLITAN_SAMPLE,objects/reference-data/sites.synthetic-metropolitan-site-groups-sites.seed.sql,9d861ae9,Synthetic Site-to-LGU assignment for I-006 jurisdiction-coverage proof only.,ACTIVE,2026-07-27 16:00:00+00,,SYNTHETIC_NO_REALISTIC_EQUIVALENT,KEEP_FOR_TEST_SCOPE_ONLY,NO_REALISTIC_EQUIVALENT,The assignment belongs to a synthetic ordinal Site and cannot be transferred to a realistic Site.
bf47adca-edc8-ac54-4402-0e27e6948c88,65d4d802-fa17-f359-0cb0-0c2fb3391fc7,SAMPLE-METRO-MANILA-1380400000-01,46a4b330-a065-daad-5de5-16654b67164f,PH-PSGC-1380400000,1380400000,CANONICAL_CLEAN_BUILD,I006_METROPOLITAN_SAMPLE,objects/reference-data/sites.synthetic-metropolitan-site-groups-sites.seed.sql,9d861ae9,Synthetic Site-to-LGU assignment for I-006 jurisdiction-coverage proof only.,ACTIVE,2026-07-27 16:00:00+00,,SYNTHETIC_NO_REALISTIC_EQUIVALENT,KEEP_FOR_TEST_SCOPE_ONLY,NO_REALISTIC_EQUIVALENT,The assignment belongs to a synthetic ordinal Site and cannot be transferred to a realistic Site.
e5112b74-5430-368b-eec2-c9934a818192,45264dd2-3b8b-43d8-eb3d-2d6295a937f1,SAMPLE-METRO-MANILA-1380400000-02,46a4b330-a065-daad-5de5-16654b67164f,PH-PSGC-1380400000,1380400000,CANONICAL_CLEAN_BUILD,I006_METROPOLITAN_SAMPLE,objects/reference-data/sites.synthetic-metropolitan-site-groups-sites.seed.sql,9d861ae9,Synthetic Site-to-LGU assignment for I-006 jurisdiction-coverage proof only.,ACTIVE,2026-07-27 16:00:00+00,,SYNTHETIC_NO_REALISTIC_EQUIVALENT,KEEP_FOR_TEST_SCOPE_ONLY,NO_REALISTIC_EQUIVALENT,The assignment belongs to a synthetic ordinal Site and cannot be transferred to a realistic Site.
b47f72d7-8d54-7169-6443-1f856014e7bd,1371163f-1218-dfdb-ce2a-6f6db6bce8b5,SAMPLE-METRO-MANILA-1380500000-01,20dcf68a-511f-8208-7dfa-1688425d4d66,PH-PSGC-1380500000,1380500000,CANONICAL_CLEAN_BUILD,I006_METROPOLITAN_SAMPLE,objects/reference-data/sites.synthetic-metropolitan-site-groups-sites.seed.sql,9d861ae9,Synthetic Site-to-LGU assignment for I-006 jurisdiction-coverage proof only.,ACTIVE,2026-07-27 16:00:00+00,,SYNTHETIC_NO_REALISTIC_EQUIVALENT,KEEP_FOR_TEST_SCOPE_ONLY,NO_REALISTIC_EQUIVALENT,The assignment belongs to a synthetic ordinal Site and cannot be transferred to a realistic Site.
5a4cbac6-fd25-d7a5-829f-f6b7872079dd,0c0de1ef-42b6-fb73-6a3c-4e71fe9b15ec,SAMPLE-METRO-MANILA-1380500000-02,20dcf68a-511f-8208-7dfa-1688425d4d66,PH-PSGC-1380500000,1380500000,CANONICAL_CLEAN_BUILD,I006_METROPOLITAN_SAMPLE,objects/reference-data/sites.synthetic-metropolitan-site-groups-sites.seed.sql,9d861ae9,Synthetic Site-to-LGU assignment for I-006 jurisdiction-coverage proof only.,ACTIVE,2026-07-27 16:00:00+00,,SYNTHETIC_NO_REALISTIC_EQUIVALENT,KEEP_FOR_TEST_SCOPE_ONLY,NO_REALISTIC_EQUIVALENT,The assignment belongs to a synthetic ordinal Site and cannot be transferred to a realistic Site.
06b44202-687c-a8aa-8047-3b66385d47ad,293f100b-eeac-edd4-f79b-0d7d72247e9f,SAMPLE-METRO-MANILA-1380600000-01,e5959354-04af-4540-9889-6e040b6cd399,PH-PSGC-1380600000,1380600000,CANONICAL_CLEAN_BUILD,I006_METROPOLITAN_SAMPLE,objects/reference-data/sites.synthetic-metropolitan-site-groups-sites.seed.sql,9d861ae9,Synthetic Site-to-LGU assignment for I-006 jurisdiction-coverage proof only.,ACTIVE,2026-07-27 16:00:00+00,,SYNTHETIC_NO_REALISTIC_EQUIVALENT,KEEP_FOR_TEST_SCOPE_ONLY,NO_REALISTIC_EQUIVALENT,The assignment belongs to a synthetic ordinal Site and cannot be transferred to a realistic Site.
6f970bdc-076b-6b43-748b-40858b1537b5,b6799aff-5d48-68a4-1e0a-f0412b0c77f4,SAMPLE-METRO-MANILA-1380600000-02,e5959354-04af-4540-9889-6e040b6cd399,PH-PSGC-1380600000,1380600000,CANONICAL_CLEAN_BUILD,I006_METROPOLITAN_SAMPLE,objects/reference-data/sites.synthetic-metropolitan-site-groups-sites.seed.sql,9d861ae9,Synthetic Site-to-LGU assignment for I-006 jurisdiction-coverage proof only.,ACTIVE,2026-07-27 16:00:00+00,,SYNTHETIC_NO_REALISTIC_EQUIVALENT,KEEP_FOR_TEST_SCOPE_ONLY,NO_REALISTIC_EQUIVALENT,The assignment belongs to a synthetic ordinal Site and cannot be transferred to a realistic Site.
2eb81166-3f86-78dc-01be-23da0e20a8a0,4784420a-8e81-8227-100f-650022766d75,SAMPLE-METRO-MANILA-1380700000-01,4be7e851-a502-20c6-dbd9-99c9593fd8f6,PH-PSGC-1380700000,1380700000,CANONICAL_CLEAN_BUILD,I006_METROPOLITAN_SAMPLE,objects/reference-data/sites.synthetic-metropolitan-site-groups-sites.seed.sql,9d861ae9,Synthetic Site-to-LGU assignment for I-006 jurisdiction-coverage proof only.,ACTIVE,2026-07-27 16:00:00+00,,SYNTHETIC_NO_REALISTIC_EQUIVALENT,KEEP_FOR_TEST_SCOPE_ONLY,NO_REALISTIC_EQUIVALENT,The assignment belongs to a synthetic ordinal Site and cannot be transferred to a realistic Site.
8470d240-05e0-4796-0e33-fe755c02b6b7,03b155f1-3a36-1eb8-3e48-1be8a516492a,SAMPLE-METRO-MANILA-1380700000-02,4be7e851-a502-20c6-dbd9-99c9593fd8f6,PH-PSGC-1380700000,1380700000,CANONICAL_CLEAN_BUILD,I006_METROPOLITAN_SAMPLE,objects/reference-data/sites.synthetic-metropolitan-site-groups-sites.seed.sql,9d861ae9,Synthetic Site-to-LGU assignment for I-006 jurisdiction-coverage proof only.,ACTIVE,2026-07-27 16:00:00+00,,SYNTHETIC_NO_REALISTIC_EQUIVALENT,KEEP_FOR_TEST_SCOPE_ONLY,NO_REALISTIC_EQUIVALENT,The assignment belongs to a synthetic ordinal Site and cannot be transferred to a realistic Site.
0453d7c5-7805-0622-eaf9-35eae7a02930,edda53a4-e537-e3ff-3eae-53242e9fdd6c,SAMPLE-METRO-MANILA-1380800000-01,d7ef112d-06ee-b57c-34b6-fae8c457a0c6,PH-PSGC-1380800000,1380800000,CANONICAL_CLEAN_BUILD,I006_METROPOLITAN_SAMPLE,objects/reference-data/sites.synthetic-metropolitan-site-groups-sites.seed.sql,9d861ae9,Synthetic Site-to-LGU assignment for I-006 jurisdiction-coverage proof only.,ACTIVE,2026-07-27 16:00:00+00,,SYNTHETIC_NO_REALISTIC_EQUIVALENT,KEEP_FOR_TEST_SCOPE_ONLY,NO_REALISTIC_EQUIVALENT,The assignment belongs to a synthetic ordinal Site and cannot be transferred to a realistic Site.
63840fe7-14fe-9cd5-b9be-eb0c460fa6c6,71243251-eb31-0807-3853-b01cf95cd49c,SAMPLE-METRO-MANILA-1380800000-02,d7ef112d-06ee-b57c-34b6-fae8c457a0c6,PH-PSGC-1380800000,1380800000,CANONICAL_CLEAN_BUILD,I006_METROPOLITAN_SAMPLE,objects/reference-data/sites.synthetic-metropolitan-site-groups-sites.seed.sql,9d861ae9,Synthetic Site-to-LGU assignment for I-006 jurisdiction-coverage proof only.,ACTIVE,2026-07-27 16:00:00+00,,SYNTHETIC_NO_REALISTIC_EQUIVALENT,KEEP_FOR_TEST_SCOPE_ONLY,NO_REALISTIC_EQUIVALENT,The assignment belongs to a synthetic ordinal Site and cannot be transferred to a realistic Site.
de8c8ce9-b891-6742-168f-58e3e61d7bfe,09f1799f-c663-9ce4-1e2c-ce3ba8b19f6b,SAMPLE-METRO-MANILA-1380900000-01,b686bef0-ee82-34ea-b328-387d3bd89632,PH-PSGC-1380900000,1380900000,CANONICAL_CLEAN_BUILD,I006_METROPOLITAN_SAMPLE,objects/reference-data/sites.synthetic-metropolitan-site-groups-sites.seed.sql,9d861ae9,Synthetic Site-to-LGU assignment for I-006 jurisdiction-coverage proof only.,ACTIVE,2026-07-27 16:00:00+00,,SYNTHETIC_NO_REALISTIC_EQUIVALENT,KEEP_FOR_TEST_SCOPE_ONLY,NO_REALISTIC_EQUIVALENT,The assignment belongs to a synthetic ordinal Site and cannot be transferred to a realistic Site.
2fac49c3-9957-2d00-0661-8ee963f51cb9,1c677bec-5c6a-073b-91ae-0150a353b0ea,SAMPLE-METRO-MANILA-1380900000-02,b686bef0-ee82-34ea-b328-387d3bd89632,PH-PSGC-1380900000,1380900000,CANONICAL_CLEAN_BUILD,I006_METROPOLITAN_SAMPLE,objects/reference-data/sites.synthetic-metropolitan-site-groups-sites.seed.sql,9d861ae9,Synthetic Site-to-LGU assignment for I-006 jurisdiction-coverage proof only.,ACTIVE,2026-07-27 16:00:00+00,,SYNTHETIC_NO_REALISTIC_EQUIVALENT,KEEP_FOR_TEST_SCOPE_ONLY,NO_REALISTIC_EQUIVALENT,The assignment belongs to a synthetic ordinal Site and cannot be transferred to a realistic Site.
39049810-9ed0-cf23-d9c5-0941c4c4be5a,34a46012-ad52-00e4-243d-6dd3d112184c,SAMPLE-METRO-MANILA-1381000000-01,f7a1b4b9-17a9-89de-5059-f72779616f23,PH-PSGC-1381000000,1381000000,CANONICAL_CLEAN_BUILD,I006_METROPOLITAN_SAMPLE,objects/reference-data/sites.synthetic-metropolitan-site-groups-sites.seed.sql,9d861ae9,Synthetic Site-to-LGU assignment for I-006 jurisdiction-coverage proof only.,ACTIVE,2026-07-27 16:00:00+00,,SYNTHETIC_NO_REALISTIC_EQUIVALENT,KEEP_FOR_TEST_SCOPE_ONLY,NO_REALISTIC_EQUIVALENT,The assignment belongs to a synthetic ordinal Site and cannot be transferred to a realistic Site.
f5c3bb5c-e67b-548f-4b13-2b1f9658a262,fa3dad37-c05c-662b-3e4a-4baac11dfbc0,SAMPLE-METRO-MANILA-1381000000-02,f7a1b4b9-17a9-89de-5059-f72779616f23,PH-PSGC-1381000000,1381000000,CANONICAL_CLEAN_BUILD,I006_METROPOLITAN_SAMPLE,objects/reference-data/sites.synthetic-metropolitan-site-groups-sites.seed.sql,9d861ae9,Synthetic Site-to-LGU assignment for I-006 jurisdiction-coverage proof only.,ACTIVE,2026-07-27 16:00:00+00,,SYNTHETIC_NO_REALISTIC_EQUIVALENT,KEEP_FOR_TEST_SCOPE_ONLY,NO_REALISTIC_EQUIVALENT,The assignment belongs to a synthetic ordinal Site and cannot be transferred to a realistic Site.
4ab305f2-6208-c5de-458a-421c06f0abc4,e1f70cdf-1f12-43cd-9e67-67e404cd0d72,SAMPLE-METRO-MANILA-1381100000-01,7c764a09-cda0-c864-5cf4-1e81ed8cdc71,PH-PSGC-1381100000,1381100000,CANONICAL_CLEAN_BUILD,I006_METROPOLITAN_SAMPLE,objects/reference-data/sites.synthetic-metropolitan-site-groups-sites.seed.sql,9d861ae9,Synthetic Site-to-LGU assignment for I-006 jurisdiction-coverage proof only.,ACTIVE,2026-07-27 16:00:00+00,,SYNTHETIC_NO_REALISTIC_EQUIVALENT,KEEP_FOR_TEST_SCOPE_ONLY,NO_REALISTIC_EQUIVALENT,The assignment belongs to a synthetic ordinal Site and cannot be transferred to a realistic Site.
b08ef13f-f446-e61e-0a18-1c30c31218ce,e578256e-c2ed-123d-a39f-c359fa4262bb,SAMPLE-METRO-MANILA-1381100000-02,7c764a09-cda0-c864-5cf4-1e81ed8cdc71,PH-PSGC-1381100000,1381100000,CANONICAL_CLEAN_BUILD,I006_METROPOLITAN_SAMPLE,objects/reference-data/sites.synthetic-metropolitan-site-groups-sites.seed.sql,9d861ae9,Synthetic Site-to-LGU assignment for I-006 jurisdiction-coverage proof only.,ACTIVE,2026-07-27 16:00:00+00,,SYNTHETIC_NO_REALISTIC_EQUIVALENT,KEEP_FOR_TEST_SCOPE_ONLY,NO_REALISTIC_EQUIVALENT,The assignment belongs to a synthetic ordinal Site and cannot be transferred to a realistic Site.
3d33032d-45ac-82e4-e6df-640716e6f26d,fa3fa5f3-add6-ab78-29af-60a7710a06d5,SAMPLE-METRO-MANILA-1381200000-01,20650612-8f91-3b4a-bba8-5d8afe29ef5a,PH-PSGC-1381200000,1381200000,CANONICAL_CLEAN_BUILD,I006_METROPOLITAN_SAMPLE,objects/reference-data/sites.synthetic-metropolitan-site-groups-sites.seed.sql,9d861ae9,Synthetic Site-to-LGU assignment for I-006 jurisdiction-coverage proof only.,ACTIVE,2026-07-27 16:00:00+00,,SYNTHETIC_NO_REALISTIC_EQUIVALENT,KEEP_FOR_TEST_SCOPE_ONLY,NO_REALISTIC_EQUIVALENT,The assignment belongs to a synthetic ordinal Site and cannot be transferred to a realistic Site.
186003d7-34fb-b06d-e62e-0eaf64293788,60de772d-1b61-4a67-8ab8-aec48a24f863,SAMPLE-METRO-MANILA-1381200000-02,20650612-8f91-3b4a-bba8-5d8afe29ef5a,PH-PSGC-1381200000,1381200000,CANONICAL_CLEAN_BUILD,I006_METROPOLITAN_SAMPLE,objects/reference-data/sites.synthetic-metropolitan-site-groups-sites.seed.sql,9d861ae9,Synthetic Site-to-LGU assignment for I-006 jurisdiction-coverage proof only.,ACTIVE,2026-07-27 16:00:00+00,,SYNTHETIC_NO_REALISTIC_EQUIVALENT,KEEP_FOR_TEST_SCOPE_ONLY,NO_REALISTIC_EQUIVALENT,The assignment belongs to a synthetic ordinal Site and cannot be transferred to a realistic Site.
61e2eab0-408f-f86f-cc20-aea57b477691,030f9a94-8ada-08c5-43ac-6e20ee6124a3,SAMPLE-METRO-MANILA-1381300000-01,79893901-65d3-7c29-0099-25e937a7c8c9,PH-PSGC-1381300000,1381300000,CANONICAL_CLEAN_BUILD,I006_METROPOLITAN_SAMPLE,objects/reference-data/sites.synthetic-metropolitan-site-groups-sites.seed.sql,9d861ae9,Synthetic Site-to-LGU assignment for I-006 jurisdiction-coverage proof only.,ACTIVE,2026-07-27 16:00:00+00,,SYNTHETIC_NO_REALISTIC_EQUIVALENT,KEEP_FOR_TEST_SCOPE_ONLY,NO_REALISTIC_EQUIVALENT,The assignment belongs to a synthetic ordinal Site and cannot be transferred to a realistic Site.
73165dbb-5c96-b02f-5547-10f1d0b808b2,9df43f64-5e4c-6b1a-938f-e61bed27f22b,SAMPLE-METRO-MANILA-1381300000-02,79893901-65d3-7c29-0099-25e937a7c8c9,PH-PSGC-1381300000,1381300000,CANONICAL_CLEAN_BUILD,I006_METROPOLITAN_SAMPLE,objects/reference-data/sites.synthetic-metropolitan-site-groups-sites.seed.sql,9d861ae9,Synthetic Site-to-LGU assignment for I-006 jurisdiction-coverage proof only.,ACTIVE,2026-07-27 16:00:00+00,,SYNTHETIC_NO_REALISTIC_EQUIVALENT,KEEP_FOR_TEST_SCOPE_ONLY,NO_REALISTIC_EQUIVALENT,The assignment belongs to a synthetic ordinal Site and cannot be transferred to a realistic Site.
b7fe0681-9e4d-a7ef-6da4-346406ff3f99,a9e74e85-2bd2-7d17-92ab-571c9cc61c5c,SAMPLE-METRO-MANILA-1381400000-01,d20727ab-9024-d233-ab75-3d49245b452c,PH-PSGC-1381400000,1381400000,CANONICAL_CLEAN_BUILD,I006_METROPOLITAN_SAMPLE,objects/reference-data/sites.synthetic-metropolitan-site-groups-sites.seed.sql,9d861ae9,Synthetic Site-to-LGU assignment for I-006 jurisdiction-coverage proof only.,ACTIVE,2026-07-27 16:00:00+00,,SYNTHETIC_NO_REALISTIC_EQUIVALENT,KEEP_FOR_TEST_SCOPE_ONLY,NO_REALISTIC_EQUIVALENT,The assignment belongs to a synthetic ordinal Site and cannot be transferred to a realistic Site.
b5177b5b-6938-ca30-414c-c1125958c56a,51113591-81ac-8361-9ac2-e20bff86bfbd,SAMPLE-METRO-MANILA-1381400000-02,d20727ab-9024-d233-ab75-3d49245b452c,PH-PSGC-1381400000,1381400000,CANONICAL_CLEAN_BUILD,I006_METROPOLITAN_SAMPLE,objects/reference-data/sites.synthetic-metropolitan-site-groups-sites.seed.sql,9d861ae9,Synthetic Site-to-LGU assignment for I-006 jurisdiction-coverage proof only.,ACTIVE,2026-07-27 16:00:00+00,,SYNTHETIC_NO_REALISTIC_EQUIVALENT,KEEP_FOR_TEST_SCOPE_ONLY,NO_REALISTIC_EQUIVALENT,The assignment belongs to a synthetic ordinal Site and cannot be transferred to a realistic Site.
71c88171-db76-4a00-9aea-7d15ee4b143f,f0fa69f2-995b-8c90-d42d-111ece155afe,SAMPLE-METRO-MANILA-1381500000-01,c7514a40-c898-f3a2-0bfa-530b26daa273,PH-PSGC-1381500000,1381500000,CANONICAL_CLEAN_BUILD,I006_METROPOLITAN_SAMPLE,objects/reference-data/sites.synthetic-metropolitan-site-groups-sites.seed.sql,9d861ae9,Synthetic Site-to-LGU assignment for I-006 jurisdiction-coverage proof only.,ACTIVE,2026-07-27 16:00:00+00,,SYNTHETIC_NO_REALISTIC_EQUIVALENT,KEEP_FOR_TEST_SCOPE_ONLY,NO_REALISTIC_EQUIVALENT,The assignment belongs to a synthetic ordinal Site and cannot be transferred to a realistic Site.
43a506f7-ec06-d71b-c0d2-e3226ab015e9,a12025ae-0397-237c-04e1-7bc5cb47e776,SAMPLE-METRO-MANILA-1381500000-02,c7514a40-c898-f3a2-0bfa-530b26daa273,PH-PSGC-1381500000,1381500000,CANONICAL_CLEAN_BUILD,I006_METROPOLITAN_SAMPLE,objects/reference-data/sites.synthetic-metropolitan-site-groups-sites.seed.sql,9d861ae9,Synthetic Site-to-LGU assignment for I-006 jurisdiction-coverage proof only.,ACTIVE,2026-07-27 16:00:00+00,,SYNTHETIC_NO_REALISTIC_EQUIVALENT,KEEP_FOR_TEST_SCOPE_ONLY,NO_REALISTIC_EQUIVALENT,The assignment belongs to a synthetic ordinal Site and cannot be transferred to a realistic Site.
5652a7e0-0056-bca1-82ec-d95765f57d25,481d7dc4-9b44-a116-2279-e3cf999c0818,SAMPLE-METRO-MANILA-1381600000-01,d76be411-27a4-4571-200c-44ed287315b2,PH-PSGC-1381600000,1381600000,CANONICAL_CLEAN_BUILD,I006_METROPOLITAN_SAMPLE,objects/reference-data/sites.synthetic-metropolitan-site-groups-sites.seed.sql,9d861ae9,Synthetic Site-to-LGU assignment for I-006 jurisdiction-coverage proof only.,ACTIVE,2026-07-27 16:00:00+00,,SYNTHETIC_NO_REALISTIC_EQUIVALENT,KEEP_FOR_TEST_SCOPE_ONLY,NO_REALISTIC_EQUIVALENT,The assignment belongs to a synthetic ordinal Site and cannot be transferred to a realistic Site.
7c3cee78-4915-1dd2-157c-8f1797e3b92a,094f468b-8d2d-31db-9269-2c3061866781,SAMPLE-METRO-MANILA-1381600000-02,d76be411-27a4-4571-200c-44ed287315b2,PH-PSGC-1381600000,1381600000,CANONICAL_CLEAN_BUILD,I006_METROPOLITAN_SAMPLE,objects/reference-data/sites.synthetic-metropolitan-site-groups-sites.seed.sql,9d861ae9,Synthetic Site-to-LGU assignment for I-006 jurisdiction-coverage proof only.,ACTIVE,2026-07-27 16:00:00+00,,SYNTHETIC_NO_REALISTIC_EQUIVALENT,KEEP_FOR_TEST_SCOPE_ONLY,NO_REALISTIC_EQUIVALENT,The assignment belongs to a synthetic ordinal Site and cannot be transferred to a realistic Site.
d9eefbe0-cd01-07c4-8028-99eb3b05321f,53848b19-5afd-29af-8e0b-1f697b0c3478,SAMPLE-METRO-MANILA-1381700000-01,a1ce87de-5a3c-403f-36d5-58cc52ae72e9,PH-PSGC-1381700000,1381700000,CANONICAL_CLEAN_BUILD,I006_METROPOLITAN_SAMPLE,objects/reference-data/sites.synthetic-metropolitan-site-groups-sites.seed.sql,9d861ae9,Synthetic Site-to-LGU assignment for I-006 jurisdiction-coverage proof only.,ACTIVE,2026-07-27 16:00:00+00,,SYNTHETIC_NO_REALISTIC_EQUIVALENT,KEEP_FOR_TEST_SCOPE_ONLY,NO_REALISTIC_EQUIVALENT,The assignment belongs to a synthetic ordinal Site and cannot be transferred to a realistic Site.
012346f8-3095-1710-ce1b-5738e864c8f9,d440be0e-07eb-d38e-46bd-9847b34f5b83,SAMPLE-METRO-MANILA-1381700000-02,a1ce87de-5a3c-403f-36d5-58cc52ae72e9,PH-PSGC-1381700000,1381700000,CANONICAL_CLEAN_BUILD,I006_METROPOLITAN_SAMPLE,objects/reference-data/sites.synthetic-metropolitan-site-groups-sites.seed.sql,9d861ae9,Synthetic Site-to-LGU assignment for I-006 jurisdiction-coverage proof only.,ACTIVE,2026-07-27 16:00:00+00,,SYNTHETIC_NO_REALISTIC_EQUIVALENT,KEEP_FOR_TEST_SCOPE_ONLY,NO_REALISTIC_EQUIVALENT,The assignment belongs to a synthetic ordinal Site and cannot be transferred to a realistic Site.
