"fixture_type","fixture_id","fixture_code","realistic_target_type","realistic_target_id","realistic_target_code","mapping_decision","physical_identity_evidence","business_identity_evidence","jurisdiction_comparison","topology_comparison","site_type_comparison","confidence","conflicts","approval_required","operational_activation_change_in_scope"
"ASSIGNMENT","d968c9cd-730b-600d-578d-13ab9151d0e7","SAMPLE-METRO-CEBU-0722140000-01","","","","NO_REALISTIC_EQUIVALENT","Assignment belongs to a synthetic ordinal Site, not a physical facility identity.","I-006 jurisdiction-coverage proof only.","Jurisdiction may be shared with realistic Sites but assignment identity is Site-specific.","No transferable topology.","NOT_APPLICABLE","HIGH","Transfer would rewrite the identity of a different Site.","No mapping proposed; any future retirement requires environment-specific dependency proof.","false"
"ASSIGNMENT","18690959-7fac-80bd-c24c-44e4e3f3560f","SAMPLE-METRO-CEBU-0722140000-02","","","","NO_REALISTIC_EQUIVALENT","Assignment belongs to a synthetic ordinal Site, not a physical facility identity.","I-006 jurisdiction-coverage proof only.","Jurisdiction may be shared with realistic Sites but assignment identity is Site-specific.","No transferable topology.","NOT_APPLICABLE","HIGH","Transfer would rewrite the identity of a different Site.","No mapping proposed; any future retirement requires environment-specific dependency proof.","false"
"ASSIGNMENT","0f581f59-56d1-e514-4a15-2ff19ec91ce9","SAMPLE-METRO-CEBU-0722170000-01","","","","NO_REALISTIC_EQUIVALENT","Assignment belongs to a synthetic ordinal Site, not a physical facility identity.","I-006 jurisdiction-coverage proof only.","Jurisdiction may be shared with realistic Sites but assignment identity is Site-specific.","No transferable topology.","NOT_APPLICABLE","HIGH","Transfer would rewrite the identity of a different Site.","No mapping proposed; any future retirement requires environment-specific dependency proof.","false"
"ASSIGNMENT","38ad6f27-338b-644d-b494-1440143e743a","SAMPLE-METRO-CEBU-0722170000-02","","","","NO_REALISTIC_EQUIVALENT","Assignment belongs to a synthetic ordinal Site, not a physical facility identity.","I-006 jurisdiction-coverage proof only.","Jurisdiction may be shared with realistic Sites but assignment identity is Site-specific.","No transferable topology.","NOT_APPLICABLE","HIGH","Transfer would rewrite the identity of a different Site.","No mapping proposed; any future retirement requires environment-specific dependency proof.","false"
"ASSIGNMENT","3ea5f4d9-09ba-577e-0f3c-14f733dc582e","SAMPLE-METRO-CEBU-0722180000-01","","","","NO_REALISTIC_EQUIVALENT","Assignment belongs to a synthetic ordinal Site, not a physical facility identity.","I-006 jurisdiction-coverage proof only.","Jurisdiction may be shared with realistic Sites but assignment identity is Site-specific.","No transferable topology.","NOT_APPLICABLE","HIGH","Transfer would rewrite the identity of a different Site.","No mapping proposed; any future retirement requires environment-specific dependency proof.","false"
"ASSIGNMENT","a7d4f293-90d8-b3ae-12c6-0b40608ded1c","SAMPLE-METRO-CEBU-0722180000-02","","","","NO_REALISTIC_EQUIVALENT","Assignment belongs to a synthetic ordinal Site, not a physical facility identity.","I-006 jurisdiction-coverage proof only.","Jurisdiction may be shared with realistic Sites but assignment identity is Site-specific.","No transferable topology.","NOT_APPLICABLE","HIGH","Transfer would rewrite the identity of a different Site.","No mapping proposed; any future retirement requires environment-specific dependency proof.","false"
"ASSIGNMENT","44300b77-3e24-c517-3c2a-6b41b2960ac7","SAMPLE-METRO-CEBU-0722190000-01","","","","NO_REALISTIC_EQUIVALENT","Assignment belongs to a synthetic ordinal Site, not a physical facility identity.","I-006 jurisdiction-coverage proof only.","Jurisdiction may be shared with realistic Sites but assignment identity is Site-specific.","No transferable topology.","NOT_APPLICABLE","HIGH","Transfer would rewrite the identity of a different Site.","No mapping proposed; any future retirement requires environment-specific dependency proof.","false"
"ASSIGNMENT","1705abd1-10b2-b53b-e115-aff99453a726","SAMPLE-METRO-CEBU-0722190000-02","","","","NO_REALISTIC_EQUIVALENT","Assignment belongs to a synthetic ordinal Site, not a physical facility identity.","I-006 jurisdiction-coverage proof only.","Jurisdiction may be shared with realistic Sites but assignment identity is Site-specific.","No transferable topology.","NOT_APPLICABLE","HIGH","Transfer would rewrite the identity of a different Site.","No mapping proposed; any future retirement requires environment-specific dependency proof.","false"
"ASSIGNMENT","4f8ef1d9-4747-708c-3f3a-a9bcfeb90dec","SAMPLE-METRO-CEBU-0722220000-01","","","","NO_REALISTIC_EQUIVALENT","Assignment belongs to a synthetic ordinal Site, not a physical facility identity.","I-006 jurisdiction-coverage proof only.","Jurisdiction may be shared with realistic Sites but assignment identity is Site-specific.","No transferable topology.","NOT_APPLICABLE","HIGH","Transfer would rewrite the identity of a different Site.","No mapping proposed; any future retirement requires environment-specific dependency proof.","false"
"ASSIGNMENT","819f22d8-0044-a199-3ee2-9550424427d0","SAMPLE-METRO-CEBU-0722220000-02","","","","NO_REALISTIC_EQUIVALENT","Assignment belongs to a synthetic ordinal Site, not a physical facility identity.","I-006 jurisdiction-coverage proof only.","Jurisdiction may be shared with realistic Sites but assignment identity is Site-specific.","No transferable topology.","NOT_APPLICABLE","HIGH","Transfer would rewrite the identity of a different Site.","No mapping proposed; any future retirement requires environment-specific dependency proof.","false"
"ASSIGNMENT","e5af0650-8dfc-e3ce-c5b5-6837ea9493f8","SAMPLE-METRO-CEBU-0722270000-01","","","","NO_REALISTIC_EQUIVALENT","Assignment belongs to a synthetic ordinal Site, not a physical facility identity.","I-006 jurisdiction-coverage proof only.","Jurisdiction may be shared with realistic Sites but assignment identity is Site-specific.","No transferable topology.","NOT_APPLICABLE","HIGH","Transfer would rewrite the identity of a different Site.","No mapping proposed; any future retirement requires environment-specific dependency proof.","false"
"ASSIGNMENT","6d888744-148a-ef95-0cf9-10eb6b641d30","SAMPLE-METRO-CEBU-0722270000-02","","","","NO_REALISTIC_EQUIVALENT","Assignment belongs to a synthetic ordinal Site, not a physical facility identity.","I-006 jurisdiction-coverage proof only.","Jurisdiction may be shared with realistic Sites but assignment identity is Site-specific.","No transferable topology.","NOT_APPLICABLE","HIGH","Transfer would rewrite the identity of a different Site.","No mapping proposed; any future retirement requires environment-specific dependency proof.","false"
"ASSIGNMENT","7807eb20-f3ea-2de9-9f0e-460619d42a09","SAMPLE-METRO-CEBU-0722310000-01","","","","NO_REALISTIC_EQUIVALENT","Assignment belongs to a synthetic ordinal Site, not a physical facility identity.","I-006 jurisdiction-coverage proof only.","Jurisdiction may be shared with realistic Sites but assignment identity is Site-specific.","No transferable topology.","NOT_APPLICABLE","HIGH","Transfer would rewrite the identity of a different Site.","No mapping proposed; any future retirement requires environment-specific dependency proof.","false"
"ASSIGNMENT","f028e687-8ee8-191e-2839-3067ca8f13f7","SAMPLE-METRO-CEBU-0722310000-02","","","","NO_REALISTIC_EQUIVALENT","Assignment belongs to a synthetic ordinal Site, not a physical facility identity.","I-006 jurisdiction-coverage proof only.","Jurisdiction may be shared with realistic Sites but assignment identity is Site-specific.","No transferable topology.","NOT_APPLICABLE","HIGH","Transfer would rewrite the identity of a different Site.","No mapping proposed; any future retirement requires environment-specific dependency proof.","false"
"ASSIGNMENT","d5b9eeb9-6ec0-9275-0eef-711f9d99d1b9","SAMPLE-METRO-CEBU-0722340000-01","","","","NO_REALISTIC_EQUIVALENT","Assignment belongs to a synthetic ordinal Site, not a physical facility identity.","I-006 jurisdiction-coverage proof only.","Jurisdiction may be shared with realistic Sites but assignment identity is Site-specific.","No transferable topology.","NOT_APPLICABLE","HIGH","Transfer would rewrite the identity of a different Site.","No mapping proposed; any future retirement requires environment-specific dependency proof.","false"
"ASSIGNMENT","40008b37-bc0f-4ba2-11c4-8932cdf9f0b5","SAMPLE-METRO-CEBU-0722340000-02","","","","NO_REALISTIC_EQUIVALENT","Assignment belongs to a synthetic ordinal Site, not a physical facility identity.","I-006 jurisdiction-coverage proof only.","Jurisdiction may be shared with realistic Sites but assignment identity is Site-specific.","No transferable topology.","NOT_APPLICABLE","HIGH","Transfer would rewrite the identity of a different Site.","No mapping proposed; any future retirement requires environment-specific dependency proof.","false"
"ASSIGNMENT","ca4cddb7-ef8c-01ef-adc0-d18bccb929f4","SAMPLE-METRO-CEBU-0722410000-01","","","","NO_REALISTIC_EQUIVALENT","Assignment belongs to a synthetic ordinal Site, not a physical facility identity.","I-006 jurisdiction-coverage proof only.","Jurisdiction may be shared with realistic Sites but assignment identity is Site-specific.","No transferable topology.","NOT_APPLICABLE","HIGH","Transfer would rewrite the identity of a different Site.","No mapping proposed; any future retirement requires environment-specific dependency proof.","false"
"ASSIGNMENT","0e80a54a-1ff5-fc0a-2189-909a2162f42a","SAMPLE-METRO-CEBU-0722410000-02","","","","NO_REALISTIC_EQUIVALENT","Assignment belongs to a synthetic ordinal Site, not a physical facility identity.","I-006 jurisdiction-coverage proof only.","Jurisdiction may be shared with realistic Sites but assignment identity is Site-specific.","No transferable topology.","NOT_APPLICABLE","HIGH","Transfer would rewrite the identity of a different Site.","No mapping proposed; any future retirement requires environment-specific dependency proof.","false"
"ASSIGNMENT","6d6a4bf2-6c18-629c-6c4c-820dfd25894f","SAMPLE-METRO-CEBU-0722500000-01","","","","NO_REALISTIC_EQUIVALENT","Assignment belongs to a synthetic ordinal Site, not a physical facility identity.","I-006 jurisdiction-coverage proof only.","Jurisdiction may be shared with realistic Sites but assignment identity is Site-specific.","No transferable topology.","NOT_APPLICABLE","HIGH","Transfer would rewrite the identity of a different Site.","No mapping proposed; any future retirement requires environment-specific dependency proof.","false"
"ASSIGNMENT","c4a342c2-2cd5-d7d1-3d3e-9d5467f4323f","SAMPLE-METRO-CEBU-0722500000-02","","","","NO_REALISTIC_EQUIVALENT","Assignment belongs to a synthetic ordinal Site, not a physical facility identity.","I-006 jurisdiction-coverage proof only.","Jurisdiction may be shared with realistic Sites but assignment identity is Site-specific.","No transferable topology.","NOT_APPLICABLE","HIGH","Transfer would rewrite the identity of a different Site.","No mapping proposed; any future retirement requires environment-specific dependency proof.","false"
"ASSIGNMENT","2427d49c-83b5-6c9a-a98a-9f79d9e22569","SAMPLE-METRO-CEBU-0730220000-01","","","","NO_REALISTIC_EQUIVALENT","Assignment belongs to a synthetic ordinal Site, not a physical facility identity.","I-006 jurisdiction-coverage proof only.","Jurisdiction may be shared with realistic Sites but assignment identity is Site-specific.","No transferable topology.","NOT_APPLICABLE","HIGH","Transfer would rewrite the identity of a different Site.","No mapping proposed; any future retirement requires environment-specific dependency proof.","false"
"ASSIGNMENT","c37ed7e3-73c0-8c7e-20ea-ddabd1d01e09","SAMPLE-METRO-CEBU-0730220000-02","","","","NO_REALISTIC_EQUIVALENT","Assignment belongs to a synthetic ordinal Site, not a physical facility identity.","I-006 jurisdiction-coverage proof only.","Jurisdiction may be shared with realistic Sites but assignment identity is Site-specific.","No transferable topology.","NOT_APPLICABLE","HIGH","Transfer would rewrite the identity of a different Site.","No mapping proposed; any future retirement requires environment-specific dependency proof.","false"
"ASSIGNMENT","47ed2d79-a6a7-0ead-67ce-d07e2d1dab61","SAMPLE-METRO-CEBU-0730600000-01","","","","NO_REALISTIC_EQUIVALENT","Assignment belongs to a synthetic ordinal Site, not a physical facility identity.","I-006 jurisdiction-coverage proof only.","Jurisdiction may be shared with realistic Sites but assignment identity is Site-specific.","No transferable topology.","NOT_APPLICABLE","HIGH","Transfer would rewrite the identity of a different Site.","No mapping proposed; any future retirement requires environment-specific dependency proof.","false"
"ASSIGNMENT","29b3d5a8-2dac-1620-28d9-7f9751599b03","SAMPLE-METRO-CEBU-0730600000-02","","","","NO_REALISTIC_EQUIVALENT","Assignment belongs to a synthetic ordinal Site, not a physical facility identity.","I-006 jurisdiction-coverage proof only.","Jurisdiction may be shared with realistic Sites but assignment identity is Site-specific.","No transferable topology.","NOT_APPLICABLE","HIGH","Transfer would rewrite the identity of a different Site.","No mapping proposed; any future retirement requires environment-specific dependency proof.","false"
"ASSIGNMENT","4c6f0114-a5b4-922d-c114-66b1a6f47cf5","SAMPLE-METRO-CEBU-0731100000-01","","","","NO_REALISTIC_EQUIVALENT","Assignment belongs to a synthetic ordinal Site, not a physical facility identity.","I-006 jurisdiction-coverage proof only.","Jurisdiction may be shared with realistic Sites but assignment identity is Site-specific.","No transferable topology.","NOT_APPLICABLE","HIGH","Transfer would rewrite the identity of a different Site.","No mapping proposed; any future retirement requires environment-specific dependency proof.","false"
"ASSIGNMENT","4fe25372-4fec-c42c-1210-ed35a56928c1","SAMPLE-METRO-CEBU-0731100000-02","","","","NO_REALISTIC_EQUIVALENT","Assignment belongs to a synthetic ordinal Site, not a physical facility identity.","I-006 jurisdiction-coverage proof only.","Jurisdiction may be shared with realistic Sites but assignment identity is Site-specific.","No transferable topology.","NOT_APPLICABLE","HIGH","Transfer would rewrite the identity of a different Site.","No mapping proposed; any future retirement requires environment-specific dependency proof.","false"
"ASSIGNMENT","23fe327a-be5b-2ba1-0b20-2007f8803f67","SAMPLE-METRO-DAVAO-1123030000-01","","","","NO_REALISTIC_EQUIVALENT","Assignment belongs to a synthetic ordinal Site, not a physical facility identity.","I-006 jurisdiction-coverage proof only.","Jurisdiction may be shared with realistic Sites but assignment identity is Site-specific.","No transferable topology.","NOT_APPLICABLE","HIGH","Transfer would rewrite the identity of a different Site.","No mapping proposed; any future retirement requires environment-specific dependency proof.","false"
"ASSIGNMENT","9032f213-0263-5d4c-9f5e-09422b8f91b3","SAMPLE-METRO-DAVAO-1123030000-02","","","","NO_REALISTIC_EQUIVALENT","Assignment belongs to a synthetic ordinal Site, not a physical facility identity.","I-006 jurisdiction-coverage proof only.","Jurisdiction may be shared with realistic Sites but assignment identity is Site-specific.","No transferable topology.","NOT_APPLICABLE","HIGH","Transfer would rewrite the identity of a different Site.","No mapping proposed; any future retirement requires environment-specific dependency proof.","false"
"ASSIGNMENT","4f64f22a-e393-0f74-ea0f-9f38b155cf6c","SAMPLE-METRO-DAVAO-1123150000-01","","","","NO_REALISTIC_EQUIVALENT","Assignment belongs to a synthetic ordinal Site, not a physical facility identity.","I-006 jurisdiction-coverage proof only.","Jurisdiction may be shared with realistic Sites but assignment identity is Site-specific.","No transferable topology.","NOT_APPLICABLE","HIGH","Transfer would rewrite the identity of a different Site.","No mapping proposed; any future retirement requires environment-specific dependency proof.","false"
"ASSIGNMENT","db535512-7801-03a5-7271-67bf8bfdf11c","SAMPLE-METRO-DAVAO-1123150000-02","","","","NO_REALISTIC_EQUIVALENT","Assignment belongs to a synthetic ordinal Site, not a physical facility identity.","I-006 jurisdiction-coverage proof only.","Jurisdiction may be shared with realistic Sites but assignment identity is Site-specific.","No transferable topology.","NOT_APPLICABLE","HIGH","Transfer would rewrite the identity of a different Site.","No mapping proposed; any future retirement requires environment-specific dependency proof.","false"
"ASSIGNMENT","178dab0b-5bbe-4654-637b-1816f0948e31","SAMPLE-METRO-DAVAO-1123170000-01","","","","NO_REALISTIC_EQUIVALENT","Assignment belongs to a synthetic ordinal Site, not a physical facility identity.","I-006 jurisdiction-coverage proof only.","Jurisdiction may be shared with realistic Sites but assignment identity is Site-specific.","No transferable topology.","NOT_APPLICABLE","HIGH","Transfer would rewrite the identity of a different Site.","No mapping proposed; any future retirement requires environment-specific dependency proof.","false"
"ASSIGNMENT","dfbe4c95-f6ad-84e1-1804-76b0c030a756","SAMPLE-METRO-DAVAO-1123170000-02","","","","NO_REALISTIC_EQUIVALENT","Assignment belongs to a synthetic ordinal Site, not a physical facility identity.","I-006 jurisdiction-coverage proof only.","Jurisdiction may be shared with realistic Sites but assignment identity is Site-specific.","No transferable topology.","NOT_APPLICABLE","HIGH","Transfer would rewrite the identity of a different Site.","No mapping proposed; any future retirement requires environment-specific dependency proof.","false"
"ASSIGNMENT","2f0d0132-4802-72bf-02da-c97d0b0a1e80","SAMPLE-METRO-DAVAO-1123190000-01","","","","NO_REALISTIC_EQUIVALENT","Assignment belongs to a synthetic ordinal Site, not a physical facility identity.","I-006 jurisdiction-coverage proof only.","Jurisdiction may be shared with realistic Sites but assignment identity is Site-specific.","No transferable topology.","NOT_APPLICABLE","HIGH","Transfer would rewrite the identity of a different Site.","No mapping proposed; any future retirement requires environment-specific dependency proof.","false"
"ASSIGNMENT","3982ad86-901e-1574-6f0d-357582a13d63","SAMPLE-METRO-DAVAO-1123190000-02","","","","NO_REALISTIC_EQUIVALENT","Assignment belongs to a synthetic ordinal Site, not a physical facility identity.","I-006 jurisdiction-coverage proof only.","Jurisdiction may be shared with realistic Sites but assignment identity is Site-specific.","No transferable topology.","NOT_APPLICABLE","HIGH","Transfer would rewrite the identity of a different Site.","No mapping proposed; any future retirement requires environment-specific dependency proof.","false"
"ASSIGNMENT","7af01ab5-0983-bdb3-e7fc-1d2ee347a333","SAMPLE-METRO-DAVAO-1124030000-01","","","","NO_REALISTIC_EQUIVALENT","Assignment belongs to a synthetic ordinal Site, not a physical facility identity.","I-006 jurisdiction-coverage proof only.","Jurisdiction may be shared with realistic Sites but assignment identity is Site-specific.","No transferable topology.","NOT_APPLICABLE","HIGH","Transfer would rewrite the identity of a different Site.","No mapping proposed; any future retirement requires environment-specific dependency proof.","false"
"ASSIGNMENT","8525fae3-b2ae-f2cd-7016-a5a8c49b4a32","SAMPLE-METRO-DAVAO-1124030000-02","","","","NO_REALISTIC_EQUIVALENT","Assignment belongs to a synthetic ordinal Site, not a physical facility identity.","I-006 jurisdiction-coverage proof only.","Jurisdiction may be shared with realistic Sites but assignment identity is Site-specific.","No transferable topology.","NOT_APPLICABLE","HIGH","Transfer would rewrite the identity of a different Site.","No mapping proposed; any future retirement requires environment-specific dependency proof.","false"
"ASSIGNMENT","ad28dc41-3843-46a9-d26f-d1ab322042f2","SAMPLE-METRO-DAVAO-1124040000-01","","","","NO_REALISTIC_EQUIVALENT","Assignment belongs to a synthetic ordinal Site, not a physical facility identity.","I-006 jurisdiction-coverage proof only.","Jurisdiction may be shared with realistic Sites but assignment identity is Site-specific.","No transferable topology.","NOT_APPLICABLE","HIGH","Transfer would rewrite the identity of a different Site.","No mapping proposed; any future retirement requires environment-specific dependency proof.","false"
"ASSIGNMENT","5ed23e04-2872-6fcb-2f4f-e191af6e8403","SAMPLE-METRO-DAVAO-1124040000-02","","","","NO_REALISTIC_EQUIVALENT","Assignment belongs to a synthetic ordinal Site, not a physical facility identity.","I-006 jurisdiction-coverage proof only.","Jurisdiction may be shared with realistic Sites but assignment identity is Site-specific.","No transferable topology.","NOT_APPLICABLE","HIGH","Transfer would rewrite the identity of a different Site.","No mapping proposed; any future retirement requires environment-specific dependency proof.","false"
"ASSIGNMENT","bfaf2322-baa7-30fb-5431-57675b87a917","SAMPLE-METRO-DAVAO-1124060000-01","","","","NO_REALISTIC_EQUIVALENT","Assignment belongs to a synthetic ordinal Site, not a physical facility identity.","I-006 jurisdiction-coverage proof only.","Jurisdiction may be shared with realistic Sites but assignment identity is Site-specific.","No transferable topology.","NOT_APPLICABLE","HIGH","Transfer would rewrite the identity of a different Site.","No mapping proposed; any future retirement requires environment-specific dependency proof.","false"
"ASSIGNMENT","9d1b3e39-31cd-84aa-e88d-06c727c0e9be","SAMPLE-METRO-DAVAO-1124060000-02","","","","NO_REALISTIC_EQUIVALENT","Assignment belongs to a synthetic ordinal Site, not a physical facility identity.","I-006 jurisdiction-coverage proof only.","Jurisdiction may be shared with realistic Sites but assignment identity is Site-specific.","No transferable topology.","NOT_APPLICABLE","HIGH","Transfer would rewrite the identity of a different Site.","No mapping proposed; any future retirement requires environment-specific dependency proof.","false"
"ASSIGNMENT","033f9b04-842f-2db5-cb53-a17940ebe13b","SAMPLE-METRO-DAVAO-1124070000-01","","","","NO_REALISTIC_EQUIVALENT","Assignment belongs to a synthetic ordinal Site, not a physical facility identity.","I-006 jurisdiction-coverage proof only.","Jurisdiction may be shared with realistic Sites but assignment identity is Site-specific.","No transferable topology.","NOT_APPLICABLE","HIGH","Transfer would rewrite the identity of a different Site.","No mapping proposed; any future retirement requires environment-specific dependency proof.","false"
"ASSIGNMENT","3db2fd13-802a-9600-328a-960a21fdf317","SAMPLE-METRO-DAVAO-1124070000-02","","","","NO_REALISTIC_EQUIVALENT","Assignment belongs to a synthetic ordinal Site, not a physical facility identity.","I-006 jurisdiction-coverage proof only.","Jurisdiction may be shared with realistic Sites but assignment identity is Site-specific.","No transferable topology.","NOT_APPLICABLE","HIGH","Transfer would rewrite the identity of a different Site.","No mapping proposed; any future retirement requires environment-specific dependency proof.","false"
"ASSIGNMENT","4f4a6b0a-9d97-2994-c077-b80e182d7b53","SAMPLE-METRO-DAVAO-1124110000-01","","","","NO_REALISTIC_EQUIVALENT","Assignment belongs to a synthetic ordinal Site, not a physical facility identity.","I-006 jurisdiction-coverage proof only.","Jurisdiction may be shared with realistic Sites but assignment identity is Site-specific.","No transferable topology.","NOT_APPLICABLE","HIGH","Transfer would rewrite the identity of a different Site.","No mapping proposed; any future retirement requires environment-specific dependency proof.","false"
"ASSIGNMENT","415f3bc6-4df9-efb0-e06a-273523aeea02","SAMPLE-METRO-DAVAO-1124110000-02","","","","NO_REALISTIC_EQUIVALENT","Assignment belongs to a synthetic ordinal Site, not a physical facility identity.","I-006 jurisdiction-coverage proof only.","Jurisdiction may be shared with realistic Sites but assignment identity is Site-specific.","No transferable topology.","NOT_APPLICABLE","HIGH","Transfer would rewrite the identity of a different Site.","No mapping proposed; any future retirement requires environment-specific dependency proof.","false"
"ASSIGNMENT","817e7b5f-47d3-8e77-333f-3fb48c33a0f0","SAMPLE-METRO-DAVAO-1124140000-01","","","","NO_REALISTIC_EQUIVALENT","Assignment belongs to a synthetic ordinal Site, not a physical facility identity.","I-006 jurisdiction-coverage proof only.","Jurisdiction may be shared with realistic Sites but assignment identity is Site-specific.","No transferable topology.","NOT_APPLICABLE","HIGH","Transfer would rewrite the identity of a different Site.","No mapping proposed; any future retirement requires environment-specific dependency proof.","false"
"ASSIGNMENT","275703b2-748e-29f9-e7dc-49f467655399","SAMPLE-METRO-DAVAO-1124140000-02","","","","NO_REALISTIC_EQUIVALENT","Assignment belongs to a synthetic ordinal Site, not a physical facility identity.","I-006 jurisdiction-coverage proof only.","Jurisdiction may be shared with realistic Sites but assignment identity is Site-specific.","No transferable topology.","NOT_APPLICABLE","HIGH","Transfer would rewrite the identity of a different Site.","No mapping proposed; any future retirement requires environment-specific dependency proof.","false"
"ASSIGNMENT","9062aa0b-0c5c-0efe-7cc4-ff8cc24341b2","SAMPLE-METRO-DAVAO-1125090000-01","","","","NO_REALISTIC_EQUIVALENT","Assignment belongs to a synthetic ordinal Site, not a physical facility identity.","I-006 jurisdiction-coverage proof only.","Jurisdiction may be shared with realistic Sites but assignment identity is Site-specific.","No transferable topology.","NOT_APPLICABLE","HIGH","Transfer would rewrite the identity of a different Site.","No mapping proposed; any future retirement requires environment-specific dependency proof.","false"
"ASSIGNMENT","3f480f91-0cd8-fae5-0ef7-6af789a0c74d","SAMPLE-METRO-DAVAO-1125090000-02","","","","NO_REALISTIC_EQUIVALENT","Assignment belongs to a synthetic ordinal Site, not a physical facility identity.","I-006 jurisdiction-coverage proof only.","Jurisdiction may be shared with realistic Sites but assignment identity is Site-specific.","No transferable topology.","NOT_APPLICABLE","HIGH","Transfer would rewrite the identity of a different Site.","No mapping proposed; any future retirement requires environment-specific dependency proof.","false"
"ASSIGNMENT","e3f789e7-234b-fa34-6d4e-1d694ab6e404","SAMPLE-METRO-DAVAO-1130700000-01","","","","NO_REALISTIC_EQUIVALENT","Assignment belongs to a synthetic ordinal Site, not a physical facility identity.","I-006 jurisdiction-coverage proof only.","Jurisdiction may be shared with realistic Sites but assignment identity is Site-specific.","No transferable topology.","NOT_APPLICABLE","HIGH","Transfer would rewrite the identity of a different Site.","No mapping proposed; any future retirement requires environment-specific dependency proof.","false"
"ASSIGNMENT","6f59b3af-6a5a-3ad8-0f45-8c595597c6e6","SAMPLE-METRO-DAVAO-1130700000-02","","","","NO_REALISTIC_EQUIVALENT","Assignment belongs to a synthetic ordinal Site, not a physical facility identity.","I-006 jurisdiction-coverage proof only.","Jurisdiction may be shared with realistic Sites but assignment identity is Site-specific.","No transferable topology.","NOT_APPLICABLE","HIGH","Transfer would rewrite the identity of a different Site.","No mapping proposed; any future retirement requires environment-specific dependency proof.","false"
"ASSIGNMENT","878a20e1-5aa2-9766-a579-4b2e546603d1","SAMPLE-METRO-DAVAO-1182040000-01","","","","NO_REALISTIC_EQUIVALENT","Assignment belongs to a synthetic ordinal Site, not a physical facility identity.","I-006 jurisdiction-coverage proof only.","Jurisdiction may be shared with realistic Sites but assignment identity is Site-specific.","No transferable topology.","NOT_APPLICABLE","HIGH","Transfer would rewrite the identity of a different Site.","No mapping proposed; any future retirement requires environment-specific dependency proof.","false"
"ASSIGNMENT","08eb986b-c806-1520-9ab3-901a5b176cfc","SAMPLE-METRO-DAVAO-1182040000-02","","","","NO_REALISTIC_EQUIVALENT","Assignment belongs to a synthetic ordinal Site, not a physical facility identity.","I-006 jurisdiction-coverage proof only.","Jurisdiction may be shared with realistic Sites but assignment identity is Site-specific.","No transferable topology.","NOT_APPLICABLE","HIGH","Transfer would rewrite the identity of a different Site.","No mapping proposed; any future retirement requires environment-specific dependency proof.","false"
"ASSIGNMENT","cef95aee-a574-4557-1f6a-f04164c148b9","SAMPLE-METRO-DAVAO-1186030000-01","","","","NO_REALISTIC_EQUIVALENT","Assignment belongs to a synthetic ordinal Site, not a physical facility identity.","I-006 jurisdiction-coverage proof only.","Jurisdiction may be shared with realistic Sites but assignment identity is Site-specific.","No transferable topology.","NOT_APPLICABLE","HIGH","Transfer would rewrite the identity of a different Site.","No mapping proposed; any future retirement requires environment-specific dependency proof.","false"
"ASSIGNMENT","451aa420-57c7-a8ca-1298-0ea63be95115","SAMPLE-METRO-DAVAO-1186030000-02","","","","NO_REALISTIC_EQUIVALENT","Assignment belongs to a synthetic ordinal Site, not a physical facility identity.","I-006 jurisdiction-coverage proof only.","Jurisdiction may be shared with realistic Sites but assignment identity is Site-specific.","No transferable topology.","NOT_APPLICABLE","HIGH","Transfer would rewrite the identity of a different Site.","No mapping proposed; any future retirement requires environment-specific dependency proof.","false"
"ASSIGNMENT","ad383868-17a4-abfc-c5a8-3a7d5e70ba73","SAMPLE-METRO-DAVAO-1186040000-01","","","","NO_REALISTIC_EQUIVALENT","Assignment belongs to a synthetic ordinal Site, not a physical facility identity.","I-006 jurisdiction-coverage proof only.","Jurisdiction may be shared with realistic Sites but assignment identity is Site-specific.","No transferable topology.","NOT_APPLICABLE","HIGH","Transfer would rewrite the identity of a different Site.","No mapping proposed; any future retirement requires environment-specific dependency proof.","false"
"ASSIGNMENT","5ed22d5e-bc70-83cb-1d1d-15f6590d7d01","SAMPLE-METRO-DAVAO-1186040000-02","","","","NO_REALISTIC_EQUIVALENT","Assignment belongs to a synthetic ordinal Site, not a physical facility identity.","I-006 jurisdiction-coverage proof only.","Jurisdiction may be shared with realistic Sites but assignment identity is Site-specific.","No transferable topology.","NOT_APPLICABLE","HIGH","Transfer would rewrite the identity of a different Site.","No mapping proposed; any future retirement requires environment-specific dependency proof.","false"
"ASSIGNMENT","68677108-45e5-9812-5399-f6293205ac68","SAMPLE-METRO-MANILA-1380100000-01","","","","NO_REALISTIC_EQUIVALENT","Assignment belongs to a synthetic ordinal Site, not a physical facility identity.","I-006 jurisdiction-coverage proof only.","Jurisdiction may be shared with realistic Sites but assignment identity is Site-specific.","No transferable topology.","NOT_APPLICABLE","HIGH","Transfer would rewrite the identity of a different Site.","No mapping proposed; any future retirement requires environment-specific dependency proof.","false"
"ASSIGNMENT","a8076a99-80fb-4e4b-12f7-4f4ff5ccc9c8","SAMPLE-METRO-MANILA-1380100000-02","","","","NO_REALISTIC_EQUIVALENT","Assignment belongs to a synthetic ordinal Site, not a physical facility identity.","I-006 jurisdiction-coverage proof only.","Jurisdiction may be shared with realistic Sites but assignment identity is Site-specific.","No transferable topology.","NOT_APPLICABLE","HIGH","Transfer would rewrite the identity of a different Site.","No mapping proposed; any future retirement requires environment-specific dependency proof.","false"
"ASSIGNMENT","35baa237-3916-bb3f-413b-3f219c785f1b","SAMPLE-METRO-MANILA-1380200000-01","","","","NO_REALISTIC_EQUIVALENT","Assignment belongs to a synthetic ordinal Site, not a physical facility identity.","I-006 jurisdiction-coverage proof only.","Jurisdiction may be shared with realistic Sites but assignment identity is Site-specific.","No transferable topology.","NOT_APPLICABLE","HIGH","Transfer would rewrite the identity of a different Site.","No mapping proposed; any future retirement requires environment-specific dependency proof.","false"
"ASSIGNMENT","1860ee90-dce4-41e7-b40f-2555299d5c18","SAMPLE-METRO-MANILA-1380200000-02","","","","NO_REALISTIC_EQUIVALENT","Assignment belongs to a synthetic ordinal Site, not a physical facility identity.","I-006 jurisdiction-coverage proof only.","Jurisdiction may be shared with realistic Sites but assignment identity is Site-specific.","No transferable topology.","NOT_APPLICABLE","HIGH","Transfer would rewrite the identity of a different Site.","No mapping proposed; any future retirement requires environment-specific dependency proof.","false"
"ASSIGNMENT","deafd98d-d146-5bc6-45bb-c2333db66eb4","SAMPLE-METRO-MANILA-1380300000-01","","","","NO_REALISTIC_EQUIVALENT","Assignment belongs to a synthetic ordinal Site, not a physical facility identity.","I-006 jurisdiction-coverage proof only.","Jurisdiction may be shared with realistic Sites but assignment identity is Site-specific.","No transferable topology.","NOT_APPLICABLE","HIGH","Transfer would rewrite the identity of a different Site.","No mapping proposed; any future retirement requires environment-specific dependency proof.","false"
"ASSIGNMENT","aa55aa4f-e1a9-81f5-e0b6-8cf96a38f831","SAMPLE-METRO-MANILA-1380300000-02","","","","NO_REALISTIC_EQUIVALENT","Assignment belongs to a synthetic ordinal Site, not a physical facility identity.","I-006 jurisdiction-coverage proof only.","Jurisdiction may be shared with realistic Sites but assignment identity is Site-specific.","No transferable topology.","NOT_APPLICABLE","HIGH","Transfer would rewrite the identity of a different Site.","No mapping proposed; any future retirement requires environment-specific dependency proof.","false"
"ASSIGNMENT","bf47adca-edc8-ac54-4402-0e27e6948c88","SAMPLE-METRO-MANILA-1380400000-01","","","","NO_REALISTIC_EQUIVALENT","Assignment belongs to a synthetic ordinal Site, not a physical facility identity.","I-006 jurisdiction-coverage proof only.","Jurisdiction may be shared with realistic Sites but assignment identity is Site-specific.","No transferable topology.","NOT_APPLICABLE","HIGH","Transfer would rewrite the identity of a different Site.","No mapping proposed; any future retirement requires environment-specific dependency proof.","false"
"ASSIGNMENT","e5112b74-5430-368b-eec2-c9934a818192","SAMPLE-METRO-MANILA-1380400000-02","","","","NO_REALISTIC_EQUIVALENT","Assignment belongs to a synthetic ordinal Site, not a physical facility identity.","I-006 jurisdiction-coverage proof only.","Jurisdiction may be shared with realistic Sites but assignment identity is Site-specific.","No transferable topology.","NOT_APPLICABLE","HIGH","Transfer would rewrite the identity of a different Site.","No mapping proposed; any future retirement requires environment-specific dependency proof.","false"
"ASSIGNMENT","b47f72d7-8d54-7169-6443-1f856014e7bd","SAMPLE-METRO-MANILA-1380500000-01","","","","NO_REALISTIC_EQUIVALENT","Assignment belongs to a synthetic ordinal Site, not a physical facility identity.","I-006 jurisdiction-coverage proof only.","Jurisdiction may be shared with realistic Sites but assignment identity is Site-specific.","No transferable topology.","NOT_APPLICABLE","HIGH","Transfer would rewrite the identity of a different Site.","No mapping proposed; any future retirement requires environment-specific dependency proof.","false"
"ASSIGNMENT","5a4cbac6-fd25-d7a5-829f-f6b7872079dd","SAMPLE-METRO-MANILA-1380500000-02","","","","NO_REALISTIC_EQUIVALENT","Assignment belongs to a synthetic ordinal Site, not a physical facility identity.","I-006 jurisdiction-coverage proof only.","Jurisdiction may be shared with realistic Sites but assignment identity is Site-specific.","No transferable topology.","NOT_APPLICABLE","HIGH","Transfer would rewrite the identity of a different Site.","No mapping proposed; any future retirement requires environment-specific dependency proof.","false"
"ASSIGNMENT","06b44202-687c-a8aa-8047-3b66385d47ad","SAMPLE-METRO-MANILA-1380600000-01","","","","NO_REALISTIC_EQUIVALENT","Assignment belongs to a synthetic ordinal Site, not a physical facility identity.","I-006 jurisdiction-coverage proof only.","Jurisdiction may be shared with realistic Sites but assignment identity is Site-specific.","No transferable topology.","NOT_APPLICABLE","HIGH","Transfer would rewrite the identity of a different Site.","No mapping proposed; any future retirement requires environment-specific dependency proof.","false"
"ASSIGNMENT","6f970bdc-076b-6b43-748b-40858b1537b5","SAMPLE-METRO-MANILA-1380600000-02","","","","NO_REALISTIC_EQUIVALENT","Assignment belongs to a synthetic ordinal Site, not a physical facility identity.","I-006 jurisdiction-coverage proof only.","Jurisdiction may be shared with realistic Sites but assignment identity is Site-specific.","No transferable topology.","NOT_APPLICABLE","HIGH","Transfer would rewrite the identity of a different Site.","No mapping proposed; any future retirement requires environment-specific dependency proof.","false"
"ASSIGNMENT","2eb81166-3f86-78dc-01be-23da0e20a8a0","SAMPLE-METRO-MANILA-1380700000-01","","","","NO_REALISTIC_EQUIVALENT","Assignment belongs to a synthetic ordinal Site, not a physical facility identity.","I-006 jurisdiction-coverage proof only.","Jurisdiction may be shared with realistic Sites but assignment identity is Site-specific.","No transferable topology.","NOT_APPLICABLE","HIGH","Transfer would rewrite the identity of a different Site.","No mapping proposed; any future retirement requires environment-specific dependency proof.","false"
"ASSIGNMENT","8470d240-05e0-4796-0e33-fe755c02b6b7","SAMPLE-METRO-MANILA-1380700000-02","","","","NO_REALISTIC_EQUIVALENT","Assignment belongs to a synthetic ordinal Site, not a physical facility identity.","I-006 jurisdiction-coverage proof only.","Jurisdiction may be shared with realistic Sites but assignment identity is Site-specific.","No transferable topology.","NOT_APPLICABLE","HIGH","Transfer would rewrite the identity of a different Site.","No mapping proposed; any future retirement requires environment-specific dependency proof.","false"
"ASSIGNMENT","0453d7c5-7805-0622-eaf9-35eae7a02930","SAMPLE-METRO-MANILA-1380800000-01","","","","NO_REALISTIC_EQUIVALENT","Assignment belongs to a synthetic ordinal Site, not a physical facility identity.","I-006 jurisdiction-coverage proof only.","Jurisdiction may be shared with realistic Sites but assignment identity is Site-specific.","No transferable topology.","NOT_APPLICABLE","HIGH","Transfer would rewrite the identity of a different Site.","No mapping proposed; any future retirement requires environment-specific dependency proof.","false"
"ASSIGNMENT","63840fe7-14fe-9cd5-b9be-eb0c460fa6c6","SAMPLE-METRO-MANILA-1380800000-02","","","","NO_REALISTIC_EQUIVALENT","Assignment belongs to a synthetic ordinal Site, not a physical facility identity.","I-006 jurisdiction-coverage proof only.","Jurisdiction may be shared with realistic Sites but assignment identity is Site-specific.","No transferable topology.","NOT_APPLICABLE","HIGH","Transfer would rewrite the identity of a different Site.","No mapping proposed; any future retirement requires environment-specific dependency proof.","false"
"ASSIGNMENT","de8c8ce9-b891-6742-168f-58e3e61d7bfe","SAMPLE-METRO-MANILA-1380900000-01","","","","NO_REALISTIC_EQUIVALENT","Assignment belongs to a synthetic ordinal Site, not a physical facility identity.","I-006 jurisdiction-coverage proof only.","Jurisdiction may be shared with realistic Sites but assignment identity is Site-specific.","No transferable topology.","NOT_APPLICABLE","HIGH","Transfer would rewrite the identity of a different Site.","No mapping proposed; any future retirement requires environment-specific dependency proof.","false"
"ASSIGNMENT","2fac49c3-9957-2d00-0661-8ee963f51cb9","SAMPLE-METRO-MANILA-1380900000-02","","","","NO_REALISTIC_EQUIVALENT","Assignment belongs to a synthetic ordinal Site, not a physical facility identity.","I-006 jurisdiction-coverage proof only.","Jurisdiction may be shared with realistic Sites but assignment identity is Site-specific.","No transferable topology.","NOT_APPLICABLE","HIGH","Transfer would rewrite the identity of a different Site.","No mapping proposed; any future retirement requires environment-specific dependency proof.","false"
"ASSIGNMENT","39049810-9ed0-cf23-d9c5-0941c4c4be5a","SAMPLE-METRO-MANILA-1381000000-01","","","","NO_REALISTIC_EQUIVALENT","Assignment belongs to a synthetic ordinal Site, not a physical facility identity.","I-006 jurisdiction-coverage proof only.","Jurisdiction may be shared with realistic Sites but assignment identity is Site-specific.","No transferable topology.","NOT_APPLICABLE","HIGH","Transfer would rewrite the identity of a different Site.","No mapping proposed; any future retirement requires environment-specific dependency proof.","false"
"ASSIGNMENT","f5c3bb5c-e67b-548f-4b13-2b1f9658a262","SAMPLE-METRO-MANILA-1381000000-02","","","","NO_REALISTIC_EQUIVALENT","Assignment belongs to a synthetic ordinal Site, not a physical facility identity.","I-006 jurisdiction-coverage proof only.","Jurisdiction may be shared with realistic Sites but assignment identity is Site-specific.","No transferable topology.","NOT_APPLICABLE","HIGH","Transfer would rewrite the identity of a different Site.","No mapping proposed; any future retirement requires environment-specific dependency proof.","false"
"ASSIGNMENT","4ab305f2-6208-c5de-458a-421c06f0abc4","SAMPLE-METRO-MANILA-1381100000-01","","","","NO_REALISTIC_EQUIVALENT","Assignment belongs to a synthetic ordinal Site, not a physical facility identity.","I-006 jurisdiction-coverage proof only.","Jurisdiction may be shared with realistic Sites but assignment identity is Site-specific.","No transferable topology.","NOT_APPLICABLE","HIGH","Transfer would rewrite the identity of a different Site.","No mapping proposed; any future retirement requires environment-specific dependency proof.","false"
"ASSIGNMENT","b08ef13f-f446-e61e-0a18-1c30c31218ce","SAMPLE-METRO-MANILA-1381100000-02","","","","NO_REALISTIC_EQUIVALENT","Assignment belongs to a synthetic ordinal Site, not a physical facility identity.","I-006 jurisdiction-coverage proof only.","Jurisdiction may be shared with realistic Sites but assignment identity is Site-specific.","No transferable topology.","NOT_APPLICABLE","HIGH","Transfer would rewrite the identity of a different Site.","No mapping proposed; any future retirement requires environment-specific dependency proof.","false"
"ASSIGNMENT","3d33032d-45ac-82e4-e6df-640716e6f26d","SAMPLE-METRO-MANILA-1381200000-01","","","","NO_REALISTIC_EQUIVALENT","Assignment belongs to a synthetic ordinal Site, not a physical facility identity.","I-006 jurisdiction-coverage proof only.","Jurisdiction may be shared with realistic Sites but assignment identity is Site-specific.","No transferable topology.","NOT_APPLICABLE","HIGH","Transfer would rewrite the identity of a different Site.","No mapping proposed; any future retirement requires environment-specific dependency proof.","false"
"ASSIGNMENT","186003d7-34fb-b06d-e62e-0eaf64293788","SAMPLE-METRO-MANILA-1381200000-02","","","","NO_REALISTIC_EQUIVALENT","Assignment belongs to a synthetic ordinal Site, not a physical facility identity.","I-006 jurisdiction-coverage proof only.","Jurisdiction may be shared with realistic Sites but assignment identity is Site-specific.","No transferable topology.","NOT_APPLICABLE","HIGH","Transfer would rewrite the identity of a different Site.","No mapping proposed; any future retirement requires environment-specific dependency proof.","false"
"ASSIGNMENT","61e2eab0-408f-f86f-cc20-aea57b477691","SAMPLE-METRO-MANILA-1381300000-01","","","","NO_REALISTIC_EQUIVALENT","Assignment belongs to a synthetic ordinal Site, not a physical facility identity.","I-006 jurisdiction-coverage proof only.","Jurisdiction may be shared with realistic Sites but assignment identity is Site-specific.","No transferable topology.","NOT_APPLICABLE","HIGH","Transfer would rewrite the identity of a different Site.","No mapping proposed; any future retirement requires environment-specific dependency proof.","false"
"ASSIGNMENT","73165dbb-5c96-b02f-5547-10f1d0b808b2","SAMPLE-METRO-MANILA-1381300000-02","","","","NO_REALISTIC_EQUIVALENT","Assignment belongs to a synthetic ordinal Site, not a physical facility identity.","I-006 jurisdiction-coverage proof only.","Jurisdiction may be shared with realistic Sites but assignment identity is Site-specific.","No transferable topology.","NOT_APPLICABLE","HIGH","Transfer would rewrite the identity of a different Site.","No mapping proposed; any future retirement requires environment-specific dependency proof.","false"
"ASSIGNMENT","b7fe0681-9e4d-a7ef-6da4-346406ff3f99","SAMPLE-METRO-MANILA-1381400000-01","","","","NO_REALISTIC_EQUIVALENT","Assignment belongs to a synthetic ordinal Site, not a physical facility identity.","I-006 jurisdiction-coverage proof only.","Jurisdiction may be shared with realistic Sites but assignment identity is Site-specific.","No transferable topology.","NOT_APPLICABLE","HIGH","Transfer would rewrite the identity of a different Site.","No mapping proposed; any future retirement requires environment-specific dependency proof.","false"
"ASSIGNMENT","b5177b5b-6938-ca30-414c-c1125958c56a","SAMPLE-METRO-MANILA-1381400000-02","","","","NO_REALISTIC_EQUIVALENT","Assignment belongs to a synthetic ordinal Site, not a physical facility identity.","I-006 jurisdiction-coverage proof only.","Jurisdiction may be shared with realistic Sites but assignment identity is Site-specific.","No transferable topology.","NOT_APPLICABLE","HIGH","Transfer would rewrite the identity of a different Site.","No mapping proposed; any future retirement requires environment-specific dependency proof.","false"
"ASSIGNMENT","71c88171-db76-4a00-9aea-7d15ee4b143f","SAMPLE-METRO-MANILA-1381500000-01","","","","NO_REALISTIC_EQUIVALENT","Assignment belongs to a synthetic ordinal Site, not a physical facility identity.","I-006 jurisdiction-coverage proof only.","Jurisdiction may be shared with realistic Sites but assignment identity is Site-specific.","No transferable topology.","NOT_APPLICABLE","HIGH","Transfer would rewrite the identity of a different Site.","No mapping proposed; any future retirement requires environment-specific dependency proof.","false"
"ASSIGNMENT","43a506f7-ec06-d71b-c0d2-e3226ab015e9","SAMPLE-METRO-MANILA-1381500000-02","","","","NO_REALISTIC_EQUIVALENT","Assignment belongs to a synthetic ordinal Site, not a physical facility identity.","I-006 jurisdiction-coverage proof only.","Jurisdiction may be shared with realistic Sites but assignment identity is Site-specific.","No transferable topology.","NOT_APPLICABLE","HIGH","Transfer would rewrite the identity of a different Site.","No mapping proposed; any future retirement requires environment-specific dependency proof.","false"
"ASSIGNMENT","5652a7e0-0056-bca1-82ec-d95765f57d25","SAMPLE-METRO-MANILA-1381600000-01","","","","NO_REALISTIC_EQUIVALENT","Assignment belongs to a synthetic ordinal Site, not a physical facility identity.","I-006 jurisdiction-coverage proof only.","Jurisdiction may be shared with realistic Sites but assignment identity is Site-specific.","No transferable topology.","NOT_APPLICABLE","HIGH","Transfer would rewrite the identity of a different Site.","No mapping proposed; any future retirement requires environment-specific dependency proof.","false"
"ASSIGNMENT","7c3cee78-4915-1dd2-157c-8f1797e3b92a","SAMPLE-METRO-MANILA-1381600000-02","","","","NO_REALISTIC_EQUIVALENT","Assignment belongs to a synthetic ordinal Site, not a physical facility identity.","I-006 jurisdiction-coverage proof only.","Jurisdiction may be shared with realistic Sites but assignment identity is Site-specific.","No transferable topology.","NOT_APPLICABLE","HIGH","Transfer would rewrite the identity of a different Site.","No mapping proposed; any future retirement requires environment-specific dependency proof.","false"
"ASSIGNMENT","d9eefbe0-cd01-07c4-8028-99eb3b05321f","SAMPLE-METRO-MANILA-1381700000-01","","","","NO_REALISTIC_EQUIVALENT","Assignment belongs to a synthetic ordinal Site, not a physical facility identity.","I-006 jurisdiction-coverage proof only.","Jurisdiction may be shared with realistic Sites but assignment identity is Site-specific.","No transferable topology.","NOT_APPLICABLE","HIGH","Transfer would rewrite the identity of a different Site.","No mapping proposed; any future retirement requires environment-specific dependency proof.","false"
"ASSIGNMENT","012346f8-3095-1710-ce1b-5738e864c8f9","SAMPLE-METRO-MANILA-1381700000-02","","","","NO_REALISTIC_EQUIVALENT","Assignment belongs to a synthetic ordinal Site, not a physical facility identity.","I-006 jurisdiction-coverage proof only.","Jurisdiction may be shared with realistic Sites but assignment identity is Site-specific.","No transferable topology.","NOT_APPLICABLE","HIGH","Transfer would rewrite the identity of a different Site.","No mapping proposed; any future retirement requires environment-specific dependency proof.","false"
"SITE","110a07ad-773f-5018-b18a-d4d78e2ae6dd","MNT_OPEN_LOT_A","","","","NO_MAPPING_APPROVED","Estate context overlaps, but no source identifies this generic Site as one approved realistic facility.","The synthetic Site owns local lanes/devices or development behavior; realistic Sites are separate canonical identities.","No canonical assignment establishes equivalence.","No one-to-one topology correspondence.","OPEN_LOT","LOW","The six realistic Mactan Sites do not prove equivalence to the generic A/B development topology.","Fixture owner and product data governance approval before any controlled reference change.","false"
"SITE","db5f423b-ed17-59d4-a5be-e7440aca5b21","MNT_STRUCTURED_B","","","","NO_MAPPING_APPROVED","Estate context overlaps, but no source identifies this generic Site as one approved realistic facility.","The synthetic Site owns local lanes/devices or development behavior; realistic Sites are separate canonical identities.","No canonical assignment establishes equivalence.","No one-to-one topology correspondence.","STRUCTURED_PARKING","LOW","The six realistic Mactan Sites do not prove equivalence to the generic A/B development topology.","Fixture owner and product data governance approval before any controlled reference change.","false"
"SITE","77000000-0000-0000-0000-000000000002","OVERLOADED_7700_TEST_SITE","SITE","2d1dcdf8-f563-537c-8542-0bde7cc9da97","PITX-LEVEL-3","NO_MAPPING_APPROVED","PITX Level 3 is activated, but Parking Lot Index Code 1 and name proximity do not prove physical identity with Test Site.","PITX Level 3 has confirmed operational identity and statutory coverage; the fixture UUID remains overloaded across SANDBOX, MANUAL_TEST, and generic Test Site contracts.","Fixture variants use Pasig or synthetic LGU codes; PITX is Parañaque with confirmed Senior Citizen free-parking coverage.","Fixture dependencies and PITX topology are not equivalent.","Fixture OTHER versus target STRUCTURED_PARKING.","LOW","Overloaded semantics, jurisdiction mismatch, and different Site type.","No activation approval is required by this plan; explicit physical and governed business identity evidence plus fixture-owner approval is required before any reference migration.","false"
"SITE","2ffd107f-dae4-99c1-a502-bb34c34c8127","SAMPLE-METRO-CEBU-0722140000-01","","","","NO_REALISTIC_EQUIVALENT","No physical identity match is established.","Synthetic ordinal, local-development, or overloaded test identity.","Recorded jurisdiction is context only and does not prove facility identity.","No equivalent realistic topology is established.","OPEN_LOT","HIGH","None","Fixture owner and product data governance approval before any controlled reference change.","false"
"SITE","26cf5d3c-1409-4cfc-b5fe-21dd0d327dda","SAMPLE-METRO-CEBU-0722140000-02","","","","NO_REALISTIC_EQUIVALENT","No physical identity match is established.","Synthetic ordinal, local-development, or overloaded test identity.","Recorded jurisdiction is context only and does not prove facility identity.","No equivalent realistic topology is established.","OPEN_LOT","HIGH","None","Fixture owner and product data governance approval before any controlled reference change.","false"
"SITE","c1b6e3bd-da76-2653-86b7-d3ceabba1c1d","SAMPLE-METRO-CEBU-0722170000-01","","","","NO_REALISTIC_EQUIVALENT","No physical identity match is established.","Synthetic ordinal, local-development, or overloaded test identity.","Recorded jurisdiction is context only and does not prove facility identity.","No equivalent realistic topology is established.","OPEN_LOT","HIGH","None","Fixture owner and product data governance approval before any controlled reference change.","false"
"SITE","b0aae855-fbad-5569-9472-58dc09c895bb","SAMPLE-METRO-CEBU-0722170000-02","","","","NO_REALISTIC_EQUIVALENT","No physical identity match is established.","Synthetic ordinal, local-development, or overloaded test identity.","Recorded jurisdiction is context only and does not prove facility identity.","No equivalent realistic topology is established.","OPEN_LOT","HIGH","None","Fixture owner and product data governance approval before any controlled reference change.","false"
"SITE","aa3b86da-ea88-d166-19ea-93a078308ffc","SAMPLE-METRO-CEBU-0722180000-01","","","","NO_REALISTIC_EQUIVALENT","No physical identity match is established.","Synthetic ordinal, local-development, or overloaded test identity.","Recorded jurisdiction is context only and does not prove facility identity.","No equivalent realistic topology is established.","OPEN_LOT","HIGH","None","Fixture owner and product data governance approval before any controlled reference change.","false"
"SITE","eadc4627-f2a1-8291-0f95-1099794060e6","SAMPLE-METRO-CEBU-0722180000-02","","","","NO_REALISTIC_EQUIVALENT","No physical identity match is established.","Synthetic ordinal, local-development, or overloaded test identity.","Recorded jurisdiction is context only and does not prove facility identity.","No equivalent realistic topology is established.","OPEN_LOT","HIGH","None","Fixture owner and product data governance approval before any controlled reference change.","false"
"SITE","d1f42a77-ac3e-ac6a-efd1-3786064308ff","SAMPLE-METRO-CEBU-0722190000-01","","","","NO_REALISTIC_EQUIVALENT","No physical identity match is established.","Synthetic ordinal, local-development, or overloaded test identity.","Recorded jurisdiction is context only and does not prove facility identity.","No equivalent realistic topology is established.","OPEN_LOT","HIGH","None","Fixture owner and product data governance approval before any controlled reference change.","false"
"SITE","06dd30e5-2c6f-38d4-5093-9c72c30e7972","SAMPLE-METRO-CEBU-0722190000-02","","","","NO_REALISTIC_EQUIVALENT","No physical identity match is established.","Synthetic ordinal, local-development, or overloaded test identity.","Recorded jurisdiction is context only and does not prove facility identity.","No equivalent realistic topology is established.","OPEN_LOT","HIGH","None","Fixture owner and product data governance approval before any controlled reference change.","false"
"SITE","eb512092-c687-f743-a00e-ed2bd24e4c35","SAMPLE-METRO-CEBU-0722220000-01","","","","NO_REALISTIC_EQUIVALENT","No physical identity match is established.","Synthetic ordinal, local-development, or overloaded test identity.","Recorded jurisdiction is context only and does not prove facility identity.","No equivalent realistic topology is established.","OPEN_LOT","HIGH","None","Fixture owner and product data governance approval before any controlled reference change.","false"
"SITE","b2df4156-e9f3-d83e-b3b4-dff05b2bc07e","SAMPLE-METRO-CEBU-0722220000-02","","","","NO_REALISTIC_EQUIVALENT","No physical identity match is established.","Synthetic ordinal, local-development, or overloaded test identity.","Recorded jurisdiction is context only and does not prove facility identity.","No equivalent realistic topology is established.","OPEN_LOT","HIGH","None","Fixture owner and product data governance approval before any controlled reference change.","false"
"SITE","1d107594-c8f3-0438-85e4-8018b6ad16e6","SAMPLE-METRO-CEBU-0722270000-01","","","","NO_REALISTIC_EQUIVALENT","No physical identity match is established.","Synthetic ordinal, local-development, or overloaded test identity.","Recorded jurisdiction is context only and does not prove facility identity.","No equivalent realistic topology is established.","OPEN_LOT","HIGH","None","Fixture owner and product data governance approval before any controlled reference change.","false"
"SITE","367b6555-35b7-471c-550c-92e2f601b329","SAMPLE-METRO-CEBU-0722270000-02","","","","NO_REALISTIC_EQUIVALENT","No physical identity match is established.","Synthetic ordinal, local-development, or overloaded test identity.","Recorded jurisdiction is context only and does not prove facility identity.","No equivalent realistic topology is established.","OPEN_LOT","HIGH","None","Fixture owner and product data governance approval before any controlled reference change.","false"
"SITE","afc0004e-0b6a-3f59-3d5a-ef0e41e7bf46","SAMPLE-METRO-CEBU-0722310000-01","","","","NO_REALISTIC_EQUIVALENT","No physical identity match is established.","Synthetic ordinal, local-development, or overloaded test identity.","Recorded jurisdiction is context only and does not prove facility identity.","No equivalent realistic topology is established.","OPEN_LOT","HIGH","None","Fixture owner and product data governance approval before any controlled reference change.","false"
"SITE","75da0fe3-afe2-247e-6e61-9abd0eb5154a","SAMPLE-METRO-CEBU-0722310000-02","","","","NO_REALISTIC_EQUIVALENT","No physical identity match is established.","Synthetic ordinal, local-development, or overloaded test identity.","Recorded jurisdiction is context only and does not prove facility identity.","No equivalent realistic topology is established.","OPEN_LOT","HIGH","None","Fixture owner and product data governance approval before any controlled reference change.","false"
"SITE","12217b68-1723-020b-b440-b0e17ffd64e9","SAMPLE-METRO-CEBU-0722340000-01","","","","NO_REALISTIC_EQUIVALENT","No physical identity match is established.","Synthetic ordinal, local-development, or overloaded test identity.","Recorded jurisdiction is context only and does not prove facility identity.","No equivalent realistic topology is established.","OPEN_LOT","HIGH","None","Fixture owner and product data governance approval before any controlled reference change.","false"
"SITE","bb477aa2-822c-4fbf-3dfb-c37e5c4a132e","SAMPLE-METRO-CEBU-0722340000-02","","","","NO_REALISTIC_EQUIVALENT","No physical identity match is established.","Synthetic ordinal, local-development, or overloaded test identity.","Recorded jurisdiction is context only and does not prove facility identity.","No equivalent realistic topology is established.","OPEN_LOT","HIGH","None","Fixture owner and product data governance approval before any controlled reference change.","false"
"SITE","e7b1867a-c686-aac3-dd2c-58cfe4648cbd","SAMPLE-METRO-CEBU-0722410000-01","","","","NO_REALISTIC_EQUIVALENT","No physical identity match is established.","Synthetic ordinal, local-development, or overloaded test identity.","Recorded jurisdiction is context only and does not prove facility identity.","No equivalent realistic topology is established.","OPEN_LOT","HIGH","None","Fixture owner and product data governance approval before any controlled reference change.","false"
"SITE","b6776266-e97b-42b3-5946-11d2bacbab14","SAMPLE-METRO-CEBU-0722410000-02","","","","NO_REALISTIC_EQUIVALENT","No physical identity match is established.","Synthetic ordinal, local-development, or overloaded test identity.","Recorded jurisdiction is context only and does not prove facility identity.","No equivalent realistic topology is established.","OPEN_LOT","HIGH","None","Fixture owner and product data governance approval before any controlled reference change.","false"
"SITE","7224333e-fb68-b2a2-9099-77433839b5e6","SAMPLE-METRO-CEBU-0722500000-01","","","","NO_REALISTIC_EQUIVALENT","No physical identity match is established.","Synthetic ordinal, local-development, or overloaded test identity.","Recorded jurisdiction is context only and does not prove facility identity.","No equivalent realistic topology is established.","OPEN_LOT","HIGH","None","Fixture owner and product data governance approval before any controlled reference change.","false"
"SITE","0691e758-5130-13ec-7bb2-3eaef4e57064","SAMPLE-METRO-CEBU-0722500000-02","","","","NO_REALISTIC_EQUIVALENT","No physical identity match is established.","Synthetic ordinal, local-development, or overloaded test identity.","Recorded jurisdiction is context only and does not prove facility identity.","No equivalent realistic topology is established.","OPEN_LOT","HIGH","None","Fixture owner and product data governance approval before any controlled reference change.","false"
"SITE","4db4a5fd-463c-ce0f-7b57-df2fd522282d","SAMPLE-METRO-CEBU-0730220000-01","","","","NO_REALISTIC_EQUIVALENT","No physical identity match is established.","Synthetic ordinal, local-development, or overloaded test identity.","Recorded jurisdiction is context only and does not prove facility identity.","No equivalent realistic topology is established.","OPEN_LOT","HIGH","None","Fixture owner and product data governance approval before any controlled reference change.","false"
"SITE","ebd48bbc-d781-c334-1ed5-33ebb47b776c","SAMPLE-METRO-CEBU-0730220000-02","","","","NO_REALISTIC_EQUIVALENT","No physical identity match is established.","Synthetic ordinal, local-development, or overloaded test identity.","Recorded jurisdiction is context only and does not prove facility identity.","No equivalent realistic topology is established.","OPEN_LOT","HIGH","None","Fixture owner and product data governance approval before any controlled reference change.","false"
"SITE","61411873-436c-19c1-3e93-f7484aea7843","SAMPLE-METRO-CEBU-0730600000-01","","","","NO_REALISTIC_EQUIVALENT","No physical identity match is established.","Synthetic ordinal, local-development, or overloaded test identity.","Recorded jurisdiction is context only and does not prove facility identity.","No equivalent realistic topology is established.","OPEN_LOT","HIGH","None","Fixture owner and product data governance approval before any controlled reference change.","false"
"SITE","20525272-1f3b-71ca-6672-b12ed8066a81","SAMPLE-METRO-CEBU-0730600000-02","","","","NO_REALISTIC_EQUIVALENT","No physical identity match is established.","Synthetic ordinal, local-development, or overloaded test identity.","Recorded jurisdiction is context only and does not prove facility identity.","No equivalent realistic topology is established.","OPEN_LOT","HIGH","None","Fixture owner and product data governance approval before any controlled reference change.","false"
"SITE","cc492872-9844-022d-b65c-f5cc71cfb9e9","SAMPLE-METRO-CEBU-0731100000-01","","","","NO_REALISTIC_EQUIVALENT","No physical identity match is established.","Synthetic ordinal, local-development, or overloaded test identity.","Recorded jurisdiction is context only and does not prove facility identity.","No equivalent realistic topology is established.","OPEN_LOT","HIGH","None","Fixture owner and product data governance approval before any controlled reference change.","false"
"SITE","3e17d7e6-3558-30af-3a54-1c184b8f63cc","SAMPLE-METRO-CEBU-0731100000-02","","","","NO_REALISTIC_EQUIVALENT","No physical identity match is established.","Synthetic ordinal, local-development, or overloaded test identity.","Recorded jurisdiction is context only and does not prove facility identity.","No equivalent realistic topology is established.","OPEN_LOT","HIGH","None","Fixture owner and product data governance approval before any controlled reference change.","false"
"SITE","6c4567ea-b989-9ea9-5346-e672f6926f03","SAMPLE-METRO-DAVAO-1123030000-01","","","","NO_REALISTIC_EQUIVALENT","No physical identity match is established.","Synthetic ordinal, local-development, or overloaded test identity.","Recorded jurisdiction is context only and does not prove facility identity.","No equivalent realistic topology is established.","OPEN_LOT","HIGH","None","Fixture owner and product data governance approval before any controlled reference change.","false"
"SITE","62be0d9e-030d-95d8-cac4-efc3298e18fc","SAMPLE-METRO-DAVAO-1123030000-02","","","","NO_REALISTIC_EQUIVALENT","No physical identity match is established.","Synthetic ordinal, local-development, or overloaded test identity.","Recorded jurisdiction is context only and does not prove facility identity.","No equivalent realistic topology is established.","OPEN_LOT","HIGH","None","Fixture owner and product data governance approval before any controlled reference change.","false"
"SITE","d9c0c919-9e9a-9c3a-8702-637952510c5f","SAMPLE-METRO-DAVAO-1123150000-01","","","","NO_REALISTIC_EQUIVALENT","No physical identity match is established.","Synthetic ordinal, local-development, or overloaded test identity.","Recorded jurisdiction is context only and does not prove facility identity.","No equivalent realistic topology is established.","OPEN_LOT","HIGH","None","Fixture owner and product data governance approval before any controlled reference change.","false"
"SITE","c7a66d24-6a70-0b97-e3e7-16ebd40ca07e","SAMPLE-METRO-DAVAO-1123150000-02","","","","NO_REALISTIC_EQUIVALENT","No physical identity match is established.","Synthetic ordinal, local-development, or overloaded test identity.","Recorded jurisdiction is context only and does not prove facility identity.","No equivalent realistic topology is established.","OPEN_LOT","HIGH","None","Fixture owner and product data governance approval before any controlled reference change.","false"
"SITE","a59eb4c5-9400-9110-505c-f973721c48f1","SAMPLE-METRO-DAVAO-1123170000-01","","","","NO_REALISTIC_EQUIVALENT","No physical identity match is established.","Synthetic ordinal, local-development, or overloaded test identity.","Recorded jurisdiction is context only and does not prove facility identity.","No equivalent realistic topology is established.","OPEN_LOT","HIGH","None","Fixture owner and product data governance approval before any controlled reference change.","false"
"SITE","b602683d-417b-66fd-ea29-1df38e7faeea","SAMPLE-METRO-DAVAO-1123170000-02","","","","NO_REALISTIC_EQUIVALENT","No physical identity match is established.","Synthetic ordinal, local-development, or overloaded test identity.","Recorded jurisdiction is context only and does not prove facility identity.","No equivalent realistic topology is established.","OPEN_LOT","HIGH","None","Fixture owner and product data governance approval before any controlled reference change.","false"
"SITE","9d09ffc1-5a21-7131-7fa7-7e1f7e3ada51","SAMPLE-METRO-DAVAO-1123190000-01","","","","NO_REALISTIC_EQUIVALENT","No physical identity match is established.","Synthetic ordinal, local-development, or overloaded test identity.","Recorded jurisdiction is context only and does not prove facility identity.","No equivalent realistic topology is established.","OPEN_LOT","HIGH","None","Fixture owner and product data governance approval before any controlled reference change.","false"
"SITE","7a279924-8753-161c-a300-446b50b841b1","SAMPLE-METRO-DAVAO-1123190000-02","","","","NO_REALISTIC_EQUIVALENT","No physical identity match is established.","Synthetic ordinal, local-development, or overloaded test identity.","Recorded jurisdiction is context only and does not prove facility identity.","No equivalent realistic topology is established.","OPEN_LOT","HIGH","None","Fixture owner and product data governance approval before any controlled reference change.","false"
"SITE","5b5fc059-ac1e-c092-4bed-88545d6179b6","SAMPLE-METRO-DAVAO-1124030000-01","","","","NO_REALISTIC_EQUIVALENT","No physical identity match is established.","Synthetic ordinal, local-development, or overloaded test identity.","Recorded jurisdiction is context only and does not prove facility identity.","No equivalent realistic topology is established.","OPEN_LOT","HIGH","None","Fixture owner and product data governance approval before any controlled reference change.","false"
"SITE","dc6f54f2-48f3-0bb3-4757-548c2343c1c9","SAMPLE-METRO-DAVAO-1124030000-02","","","","NO_REALISTIC_EQUIVALENT","No physical identity match is established.","Synthetic ordinal, local-development, or overloaded test identity.","Recorded jurisdiction is context only and does not prove facility identity.","No equivalent realistic topology is established.","OPEN_LOT","HIGH","None","Fixture owner and product data governance approval before any controlled reference change.","false"
"SITE","c9dd87ab-f48d-1e1e-6993-0ceb1795929e","SAMPLE-METRO-DAVAO-1124040000-01","","","","NO_REALISTIC_EQUIVALENT","No physical identity match is established.","Synthetic ordinal, local-development, or overloaded test identity.","Recorded jurisdiction is context only and does not prove facility identity.","No equivalent realistic topology is established.","OPEN_LOT","HIGH","None","Fixture owner and product data governance approval before any controlled reference change.","false"
"SITE","a6d65d3e-20e9-a143-6329-a509825c776f","SAMPLE-METRO-DAVAO-1124040000-02","","","","NO_REALISTIC_EQUIVALENT","No physical identity match is established.","Synthetic ordinal, local-development, or overloaded test identity.","Recorded jurisdiction is context only and does not prove facility identity.","No equivalent realistic topology is established.","OPEN_LOT","HIGH","None","Fixture owner and product data governance approval before any controlled reference change.","false"
"SITE","036d4ee0-7bf6-6a56-225b-b45ba50b3830","SAMPLE-METRO-DAVAO-1124060000-01","","","","NO_REALISTIC_EQUIVALENT","No physical identity match is established.","Synthetic ordinal, local-development, or overloaded test identity.","Recorded jurisdiction is context only and does not prove facility identity.","No equivalent realistic topology is established.","OPEN_LOT","HIGH","None","Fixture owner and product data governance approval before any controlled reference change.","false"
"SITE","9e0cdf9c-c7c1-e3cb-7b90-38e065c0afd4","SAMPLE-METRO-DAVAO-1124060000-02","","","","NO_REALISTIC_EQUIVALENT","No physical identity match is established.","Synthetic ordinal, local-development, or overloaded test identity.","Recorded jurisdiction is context only and does not prove facility identity.","No equivalent realistic topology is established.","OPEN_LOT","HIGH","None","Fixture owner and product data governance approval before any controlled reference change.","false"
"SITE","076a2962-f41b-f0a7-2eda-cfc29f401e61","SAMPLE-METRO-DAVAO-1124070000-01","","","","NO_REALISTIC_EQUIVALENT","No physical identity match is established.","Synthetic ordinal, local-development, or overloaded test identity.","Recorded jurisdiction is context only and does not prove facility identity.","No equivalent realistic topology is established.","OPEN_LOT","HIGH","None","Fixture owner and product data governance approval before any controlled reference change.","false"
"SITE","20b5afc5-06c7-3f67-2633-3a1ddcfc819c","SAMPLE-METRO-DAVAO-1124070000-02","","","","NO_REALISTIC_EQUIVALENT","No physical identity match is established.","Synthetic ordinal, local-development, or overloaded test identity.","Recorded jurisdiction is context only and does not prove facility identity.","No equivalent realistic topology is established.","OPEN_LOT","HIGH","None","Fixture owner and product data governance approval before any controlled reference change.","false"
"SITE","faea2c47-f5dc-4898-fcb6-6599ae98d0c0","SAMPLE-METRO-DAVAO-1124110000-01","","","","NO_REALISTIC_EQUIVALENT","No physical identity match is established.","Synthetic ordinal, local-development, or overloaded test identity.","Recorded jurisdiction is context only and does not prove facility identity.","No equivalent realistic topology is established.","OPEN_LOT","HIGH","None","Fixture owner and product data governance approval before any controlled reference change.","false"
"SITE","65b88398-0c3a-89e1-8734-98553f48e17f","SAMPLE-METRO-DAVAO-1124110000-02","","","","NO_REALISTIC_EQUIVALENT","No physical identity match is established.","Synthetic ordinal, local-development, or overloaded test identity.","Recorded jurisdiction is context only and does not prove facility identity.","No equivalent realistic topology is established.","OPEN_LOT","HIGH","None","Fixture owner and product data governance approval before any controlled reference change.","false"
"SITE","e6fbbb7d-b668-6b83-0283-7003bf762da5","SAMPLE-METRO-DAVAO-1124140000-01","","","","NO_REALISTIC_EQUIVALENT","No physical identity match is established.","Synthetic ordinal, local-development, or overloaded test identity.","Recorded jurisdiction is context only and does not prove facility identity.","No equivalent realistic topology is established.","OPEN_LOT","HIGH","None","Fixture owner and product data governance approval before any controlled reference change.","false"
"SITE","6b08b5f9-0aa3-2950-204e-d452941c3ab5","SAMPLE-METRO-DAVAO-1124140000-02","","","","NO_REALISTIC_EQUIVALENT","No physical identity match is established.","Synthetic ordinal, local-development, or overloaded test identity.","Recorded jurisdiction is context only and does not prove facility identity.","No equivalent realistic topology is established.","OPEN_LOT","HIGH","None","Fixture owner and product data governance approval before any controlled reference change.","false"
"SITE","7d1da06d-e5c6-d989-661b-7b41ab83998c","SAMPLE-METRO-DAVAO-1125090000-01","","","","NO_REALISTIC_EQUIVALENT","No physical identity match is established.","Synthetic ordinal, local-development, or overloaded test identity.","Recorded jurisdiction is context only and does not prove facility identity.","No equivalent realistic topology is established.","OPEN_LOT","HIGH","None","Fixture owner and product data governance approval before any controlled reference change.","false"
"SITE","db48750a-ade2-f0ad-4431-60dde15bdcd9","SAMPLE-METRO-DAVAO-1125090000-02","","","","NO_REALISTIC_EQUIVALENT","No physical identity match is established.","Synthetic ordinal, local-development, or overloaded test identity.","Recorded jurisdiction is context only and does not prove facility identity.","No equivalent realistic topology is established.","OPEN_LOT","HIGH","None","Fixture owner and product data governance approval before any controlled reference change.","false"
"SITE","ca3373c8-4afb-392e-648c-220e620467ef","SAMPLE-METRO-DAVAO-1130700000-01","","","","NO_REALISTIC_EQUIVALENT","No physical identity match is established.","Synthetic ordinal, local-development, or overloaded test identity.","Recorded jurisdiction is context only and does not prove facility identity.","No equivalent realistic topology is established.","OPEN_LOT","HIGH","None","Fixture owner and product data governance approval before any controlled reference change.","false"
"SITE","aae6df3d-8498-ddf5-c473-9d72927fb32f","SAMPLE-METRO-DAVAO-1130700000-02","","","","NO_REALISTIC_EQUIVALENT","No physical identity match is established.","Synthetic ordinal, local-development, or overloaded test identity.","Recorded jurisdiction is context only and does not prove facility identity.","No equivalent realistic topology is established.","OPEN_LOT","HIGH","None","Fixture owner and product data governance approval before any controlled reference change.","false"
"SITE","dbe0a29b-4931-fe4f-79cf-018320a33bc7","SAMPLE-METRO-DAVAO-1182040000-01","","","","NO_REALISTIC_EQUIVALENT","No physical identity match is established.","Synthetic ordinal, local-development, or overloaded test identity.","Recorded jurisdiction is context only and does not prove facility identity.","No equivalent realistic topology is established.","OPEN_LOT","HIGH","None","Fixture owner and product data governance approval before any controlled reference change.","false"
"SITE","2ea591c9-d63a-6730-e560-a5a8f4cc975e","SAMPLE-METRO-DAVAO-1182040000-02","","","","NO_REALISTIC_EQUIVALENT","No physical identity match is established.","Synthetic ordinal, local-development, or overloaded test identity.","Recorded jurisdiction is context only and does not prove facility identity.","No equivalent realistic topology is established.","OPEN_LOT","HIGH","None","Fixture owner and product data governance approval before any controlled reference change.","false"
"SITE","3c4dcad7-6e70-448d-e178-b9362b8901b1","SAMPLE-METRO-DAVAO-1186030000-01","","","","NO_REALISTIC_EQUIVALENT","No physical identity match is established.","Synthetic ordinal, local-development, or overloaded test identity.","Recorded jurisdiction is context only and does not prove facility identity.","No equivalent realistic topology is established.","OPEN_LOT","HIGH","None","Fixture owner and product data governance approval before any controlled reference change.","false"
"SITE","b5b068c5-2b11-1ee2-fd13-3c7d5ed94938","SAMPLE-METRO-DAVAO-1186030000-02","","","","NO_REALISTIC_EQUIVALENT","No physical identity match is established.","Synthetic ordinal, local-development, or overloaded test identity.","Recorded jurisdiction is context only and does not prove facility identity.","No equivalent realistic topology is established.","OPEN_LOT","HIGH","None","Fixture owner and product data governance approval before any controlled reference change.","false"
"SITE","25e9bafa-1ef3-74f5-0723-c5738cef5990","SAMPLE-METRO-DAVAO-1186040000-01","","","","NO_REALISTIC_EQUIVALENT","No physical identity match is established.","Synthetic ordinal, local-development, or overloaded test identity.","Recorded jurisdiction is context only and does not prove facility identity.","No equivalent realistic topology is established.","OPEN_LOT","HIGH","None","Fixture owner and product data governance approval before any controlled reference change.","false"
"SITE","b5ffe5ed-ea53-f057-13f1-4ab8c86be719","SAMPLE-METRO-DAVAO-1186040000-02","","","","NO_REALISTIC_EQUIVALENT","No physical identity match is established.","Synthetic ordinal, local-development, or overloaded test identity.","Recorded jurisdiction is context only and does not prove facility identity.","No equivalent realistic topology is established.","OPEN_LOT","HIGH","None","Fixture owner and product data governance approval before any controlled reference change.","false"
"SITE","24e9a01f-bbfc-3f79-ffb0-eac736a27b57","SAMPLE-METRO-MANILA-1380100000-01","","","","NO_REALISTIC_EQUIVALENT","No physical identity match is established.","Synthetic ordinal, local-development, or overloaded test identity.","Recorded jurisdiction is context only and does not prove facility identity.","No equivalent realistic topology is established.","OPEN_LOT","HIGH","None","Fixture owner and product data governance approval before any controlled reference change.","false"
"SITE","d8f6f389-0904-2946-ebf2-898e9977e6ce","SAMPLE-METRO-MANILA-1380100000-02","","","","NO_REALISTIC_EQUIVALENT","No physical identity match is established.","Synthetic ordinal, local-development, or overloaded test identity.","Recorded jurisdiction is context only and does not prove facility identity.","No equivalent realistic topology is established.","OPEN_LOT","HIGH","None","Fixture owner and product data governance approval before any controlled reference change.","false"
"SITE","df0deeec-832b-3e8d-dc21-943f16648499","SAMPLE-METRO-MANILA-1380200000-01","","","","NO_REALISTIC_EQUIVALENT","No physical identity match is established.","Synthetic ordinal, local-development, or overloaded test identity.","Recorded jurisdiction is context only and does not prove facility identity.","No equivalent realistic topology is established.","OPEN_LOT","HIGH","None","Fixture owner and product data governance approval before any controlled reference change.","false"
"SITE","6b55261e-626c-446e-3f05-7c74ddaffc95","SAMPLE-METRO-MANILA-1380200000-02","","","","NO_REALISTIC_EQUIVALENT","No physical identity match is established.","Synthetic ordinal, local-development, or overloaded test identity.","Recorded jurisdiction is context only and does not prove facility identity.","No equivalent realistic topology is established.","OPEN_LOT","HIGH","None","Fixture owner and product data governance approval before any controlled reference change.","false"
"SITE","c1799874-f885-b0a4-678f-06a6cc689f6f","SAMPLE-METRO-MANILA-1380300000-01","","","","NO_REALISTIC_EQUIVALENT","No physical identity match is established.","Synthetic ordinal, local-development, or overloaded test identity.","Recorded jurisdiction is context only and does not prove facility identity.","No equivalent realistic topology is established.","OPEN_LOT","HIGH","None","Fixture owner and product data governance approval before any controlled reference change.","false"
"SITE","676706a6-d8be-3a97-9aee-7e76dc6f81bd","SAMPLE-METRO-MANILA-1380300000-02","","","","NO_REALISTIC_EQUIVALENT","No physical identity match is established.","Synthetic ordinal, local-development, or overloaded test identity.","Recorded jurisdiction is context only and does not prove facility identity.","No equivalent realistic topology is established.","OPEN_LOT","HIGH","None","Fixture owner and product data governance approval before any controlled reference change.","false"
"SITE","65d4d802-fa17-f359-0cb0-0c2fb3391fc7","SAMPLE-METRO-MANILA-1380400000-01","","","","NO_REALISTIC_EQUIVALENT","No physical identity match is established.","Synthetic ordinal, local-development, or overloaded test identity.","Recorded jurisdiction is context only and does not prove facility identity.","No equivalent realistic topology is established.","OPEN_LOT","HIGH","None","Fixture owner and product data governance approval before any controlled reference change.","false"
"SITE","45264dd2-3b8b-43d8-eb3d-2d6295a937f1","SAMPLE-METRO-MANILA-1380400000-02","","","","NO_REALISTIC_EQUIVALENT","No physical identity match is established.","Synthetic ordinal, local-development, or overloaded test identity.","Recorded jurisdiction is context only and does not prove facility identity.","No equivalent realistic topology is established.","OPEN_LOT","HIGH","None","Fixture owner and product data governance approval before any controlled reference change.","false"
"SITE","1371163f-1218-dfdb-ce2a-6f6db6bce8b5","SAMPLE-METRO-MANILA-1380500000-01","","","","NO_REALISTIC_EQUIVALENT","No physical identity match is established.","Synthetic ordinal, local-development, or overloaded test identity.","Recorded jurisdiction is context only and does not prove facility identity.","No equivalent realistic topology is established.","OPEN_LOT","HIGH","None","Fixture owner and product data governance approval before any controlled reference change.","false"
"SITE","0c0de1ef-42b6-fb73-6a3c-4e71fe9b15ec","SAMPLE-METRO-MANILA-1380500000-02","","","","NO_REALISTIC_EQUIVALENT","No physical identity match is established.","Synthetic ordinal, local-development, or overloaded test identity.","Recorded jurisdiction is context only and does not prove facility identity.","No equivalent realistic topology is established.","OPEN_LOT","HIGH","None","Fixture owner and product data governance approval before any controlled reference change.","false"
"SITE","293f100b-eeac-edd4-f79b-0d7d72247e9f","SAMPLE-METRO-MANILA-1380600000-01","","","","NO_REALISTIC_EQUIVALENT","No physical identity match is established.","Synthetic ordinal, local-development, or overloaded test identity.","Recorded jurisdiction is context only and does not prove facility identity.","No equivalent realistic topology is established.","OPEN_LOT","HIGH","None","Fixture owner and product data governance approval before any controlled reference change.","false"
"SITE","b6799aff-5d48-68a4-1e0a-f0412b0c77f4","SAMPLE-METRO-MANILA-1380600000-02","","","","NO_REALISTIC_EQUIVALENT","No physical identity match is established.","Synthetic ordinal, local-development, or overloaded test identity.","Recorded jurisdiction is context only and does not prove facility identity.","No equivalent realistic topology is established.","OPEN_LOT","HIGH","None","Fixture owner and product data governance approval before any controlled reference change.","false"
"SITE","4784420a-8e81-8227-100f-650022766d75","SAMPLE-METRO-MANILA-1380700000-01","","","","NO_REALISTIC_EQUIVALENT","No physical identity match is established.","Synthetic ordinal, local-development, or overloaded test identity.","Recorded jurisdiction is context only and does not prove facility identity.","No equivalent realistic topology is established.","OPEN_LOT","HIGH","None","Fixture owner and product data governance approval before any controlled reference change.","false"
"SITE","03b155f1-3a36-1eb8-3e48-1be8a516492a","SAMPLE-METRO-MANILA-1380700000-02","","","","NO_REALISTIC_EQUIVALENT","No physical identity match is established.","Synthetic ordinal, local-development, or overloaded test identity.","Recorded jurisdiction is context only and does not prove facility identity.","No equivalent realistic topology is established.","OPEN_LOT","HIGH","None","Fixture owner and product data governance approval before any controlled reference change.","false"
"SITE","edda53a4-e537-e3ff-3eae-53242e9fdd6c","SAMPLE-METRO-MANILA-1380800000-01","","","","NO_REALISTIC_EQUIVALENT","No physical identity match is established.","Synthetic ordinal, local-development, or overloaded test identity.","Recorded jurisdiction is context only and does not prove facility identity.","No equivalent realistic topology is established.","OPEN_LOT","HIGH","None","Fixture owner and product data governance approval before any controlled reference change.","false"
"SITE","71243251-eb31-0807-3853-b01cf95cd49c","SAMPLE-METRO-MANILA-1380800000-02","","","","NO_REALISTIC_EQUIVALENT","No physical identity match is established.","Synthetic ordinal, local-development, or overloaded test identity.","Recorded jurisdiction is context only and does not prove facility identity.","No equivalent realistic topology is established.","OPEN_LOT","HIGH","None","Fixture owner and product data governance approval before any controlled reference change.","false"
"SITE","09f1799f-c663-9ce4-1e2c-ce3ba8b19f6b","SAMPLE-METRO-MANILA-1380900000-01","","","","NO_REALISTIC_EQUIVALENT","No physical identity match is established.","Synthetic ordinal, local-development, or overloaded test identity.","Recorded jurisdiction is context only and does not prove facility identity.","No equivalent realistic topology is established.","OPEN_LOT","HIGH","None","Fixture owner and product data governance approval before any controlled reference change.","false"
"SITE","1c677bec-5c6a-073b-91ae-0150a353b0ea","SAMPLE-METRO-MANILA-1380900000-02","","","","NO_REALISTIC_EQUIVALENT","No physical identity match is established.","Synthetic ordinal, local-development, or overloaded test identity.","Recorded jurisdiction is context only and does not prove facility identity.","No equivalent realistic topology is established.","OPEN_LOT","HIGH","None","Fixture owner and product data governance approval before any controlled reference change.","false"
"SITE","34a46012-ad52-00e4-243d-6dd3d112184c","SAMPLE-METRO-MANILA-1381000000-01","","","","NO_REALISTIC_EQUIVALENT","No physical identity match is established.","Synthetic ordinal, local-development, or overloaded test identity.","Recorded jurisdiction is context only and does not prove facility identity.","No equivalent realistic topology is established.","OPEN_LOT","HIGH","None","Fixture owner and product data governance approval before any controlled reference change.","false"
"SITE","fa3dad37-c05c-662b-3e4a-4baac11dfbc0","SAMPLE-METRO-MANILA-1381000000-02","","","","NO_REALISTIC_EQUIVALENT","No physical identity match is established.","Synthetic ordinal, local-development, or overloaded test identity.","Recorded jurisdiction is context only and does not prove facility identity.","No equivalent realistic topology is established.","OPEN_LOT","HIGH","None","Fixture owner and product data governance approval before any controlled reference change.","false"
"SITE","e1f70cdf-1f12-43cd-9e67-67e404cd0d72","SAMPLE-METRO-MANILA-1381100000-01","","","","NO_REALISTIC_EQUIVALENT","No physical identity match is established.","Synthetic ordinal, local-development, or overloaded test identity.","Recorded jurisdiction is context only and does not prove facility identity.","No equivalent realistic topology is established.","OPEN_LOT","HIGH","None","Fixture owner and product data governance approval before any controlled reference change.","false"
"SITE","e578256e-c2ed-123d-a39f-c359fa4262bb","SAMPLE-METRO-MANILA-1381100000-02","","","","NO_REALISTIC_EQUIVALENT","No physical identity match is established.","Synthetic ordinal, local-development, or overloaded test identity.","Recorded jurisdiction is context only and does not prove facility identity.","No equivalent realistic topology is established.","OPEN_LOT","HIGH","None","Fixture owner and product data governance approval before any controlled reference change.","false"
"SITE","fa3fa5f3-add6-ab78-29af-60a7710a06d5","SAMPLE-METRO-MANILA-1381200000-01","","","","NO_REALISTIC_EQUIVALENT","No physical identity match is established.","Synthetic ordinal, local-development, or overloaded test identity.","Recorded jurisdiction is context only and does not prove facility identity.","No equivalent realistic topology is established.","OPEN_LOT","HIGH","None","Fixture owner and product data governance approval before any controlled reference change.","false"
"SITE","60de772d-1b61-4a67-8ab8-aec48a24f863","SAMPLE-METRO-MANILA-1381200000-02","","","","NO_REALISTIC_EQUIVALENT","No physical identity match is established.","Synthetic ordinal, local-development, or overloaded test identity.","Recorded jurisdiction is context only and does not prove facility identity.","No equivalent realistic topology is established.","OPEN_LOT","HIGH","None","Fixture owner and product data governance approval before any controlled reference change.","false"
"SITE","030f9a94-8ada-08c5-43ac-6e20ee6124a3","SAMPLE-METRO-MANILA-1381300000-01","","","","NO_REALISTIC_EQUIVALENT","No physical identity match is established.","Synthetic ordinal, local-development, or overloaded test identity.","Recorded jurisdiction is context only and does not prove facility identity.","No equivalent realistic topology is established.","OPEN_LOT","HIGH","None","Fixture owner and product data governance approval before any controlled reference change.","false"
"SITE","9df43f64-5e4c-6b1a-938f-e61bed27f22b","SAMPLE-METRO-MANILA-1381300000-02","","","","NO_REALISTIC_EQUIVALENT","No physical identity match is established.","Synthetic ordinal, local-development, or overloaded test identity.","Recorded jurisdiction is context only and does not prove facility identity.","No equivalent realistic topology is established.","OPEN_LOT","HIGH","None","Fixture owner and product data governance approval before any controlled reference change.","false"
"SITE","a9e74e85-2bd2-7d17-92ab-571c9cc61c5c","SAMPLE-METRO-MANILA-1381400000-01","","","","NO_REALISTIC_EQUIVALENT","No physical identity match is established.","Synthetic ordinal, local-development, or overloaded test identity.","Recorded jurisdiction is context only and does not prove facility identity.","No equivalent realistic topology is established.","OPEN_LOT","HIGH","None","Fixture owner and product data governance approval before any controlled reference change.","false"
"SITE","51113591-81ac-8361-9ac2-e20bff86bfbd","SAMPLE-METRO-MANILA-1381400000-02","","","","NO_REALISTIC_EQUIVALENT","No physical identity match is established.","Synthetic ordinal, local-development, or overloaded test identity.","Recorded jurisdiction is context only and does not prove facility identity.","No equivalent realistic topology is established.","OPEN_LOT","HIGH","None","Fixture owner and product data governance approval before any controlled reference change.","false"
"SITE","f0fa69f2-995b-8c90-d42d-111ece155afe","SAMPLE-METRO-MANILA-1381500000-01","","","","NO_REALISTIC_EQUIVALENT","No physical identity match is established.","Synthetic ordinal, local-development, or overloaded test identity.","Recorded jurisdiction is context only and does not prove facility identity.","No equivalent realistic topology is established.","OPEN_LOT","HIGH","None","Fixture owner and product data governance approval before any controlled reference change.","false"
"SITE","a12025ae-0397-237c-04e1-7bc5cb47e776","SAMPLE-METRO-MANILA-1381500000-02","","","","NO_REALISTIC_EQUIVALENT","No physical identity match is established.","Synthetic ordinal, local-development, or overloaded test identity.","Recorded jurisdiction is context only and does not prove facility identity.","No equivalent realistic topology is established.","OPEN_LOT","HIGH","None","Fixture owner and product data governance approval before any controlled reference change.","false"
"SITE","481d7dc4-9b44-a116-2279-e3cf999c0818","SAMPLE-METRO-MANILA-1381600000-01","","","","NO_REALISTIC_EQUIVALENT","No physical identity match is established.","Synthetic ordinal, local-development, or overloaded test identity.","Recorded jurisdiction is context only and does not prove facility identity.","No equivalent realistic topology is established.","OPEN_LOT","HIGH","None","Fixture owner and product data governance approval before any controlled reference change.","false"
"SITE","094f468b-8d2d-31db-9269-2c3061866781","SAMPLE-METRO-MANILA-1381600000-02","","","","NO_REALISTIC_EQUIVALENT","No physical identity match is established.","Synthetic ordinal, local-development, or overloaded test identity.","Recorded jurisdiction is context only and does not prove facility identity.","No equivalent realistic topology is established.","OPEN_LOT","HIGH","None","Fixture owner and product data governance approval before any controlled reference change.","false"
"SITE","53848b19-5afd-29af-8e0b-1f697b0c3478","SAMPLE-METRO-MANILA-1381700000-01","","","","NO_REALISTIC_EQUIVALENT","No physical identity match is established.","Synthetic ordinal, local-development, or overloaded test identity.","Recorded jurisdiction is context only and does not prove facility identity.","No equivalent realistic topology is established.","OPEN_LOT","HIGH","None","Fixture owner and product data governance approval before any controlled reference change.","false"
"SITE","d440be0e-07eb-d38e-46bd-9847b34f5b83","SAMPLE-METRO-MANILA-1381700000-02","","","","NO_REALISTIC_EQUIVALENT","No physical identity match is established.","Synthetic ordinal, local-development, or overloaded test identity.","Recorded jurisdiction is context only and does not prove facility identity.","No equivalent realistic topology is established.","OPEN_LOT","HIGH","None","Fixture owner and product data governance approval before any controlled reference change.","false"
"SITE_GROUP","594afaf3-6f55-54be-933d-c6572f4e02ec","MNT","SITE_GROUP","1c40a4b4-a607-5942-91b2-a7f8af80671a","MACTAN-NEW-TOWN","CANDIDATE_NOT_APPROVED","Both identify the Mactan Newtown estate context; facility-level equivalence is not established.","The synthetic MNT group owns active development topology while the realistic group is separate canonical data.","Both are in City of Lapu-Lapu, but shared jurisdiction does not prove identity.","Synthetic group has two generic Sites, five lanes, and two gate devices; realistic group has six named facilities with a distinct topology.","NOT_APPLICABLE","LOW","Operational topology and lifecycle differ; no one-to-one business identity proof.","Fixture owner and product data governance approval before any controlled reference change.","false"
"SITE_GROUP","77000000-0000-0000-0000-000000000001","OVERLOADED_7700_SITE_GROUP","SITE_GROUP","a6dbadf6-68b5-5bed-a7e0-a75faee70841","PITX","NO_MAPPING_APPROVED","PITX is activated, but Parking Lot Index Code 1 and scenario proximity do not prove physical identity with the overloaded Test Site Group.","The UUID is overloaded across unrelated test scenarios; PITX has a confirmed operational identity.","Some fixture variants use Pasig while PITX is Parañaque; mismatch blocks identity equivalence.","Fixture topology is scenario-specific and incompatible with PITX.","NOT_APPLICABLE","LOW","Overloaded semantics and jurisdiction mismatch.","No activation approval is required by this plan; separate scenario-identity governance and explicit identity evidence are required before any reference migration.","false"
"SITE_GROUP","d7852957-2043-2544-53c3-5799331f3d0c","SAMPLE-METRO-CEBU","","","","NO_REALISTIC_EQUIVALENT","No physical identity match is established.","Synthetic test or coverage identity only.","Not a mapping basis.","No equivalent topology is established.","NOT_APPLICABLE","HIGH","None","Fixture owner and product data governance approval before any controlled reference change.","false"
"SITE_GROUP","23f84803-6d35-c49e-9c54-adae802eb230","SAMPLE-METRO-DAVAO","","","","NO_REALISTIC_EQUIVALENT","No physical identity match is established.","Synthetic test or coverage identity only.","Not a mapping basis.","No equivalent topology is established.","NOT_APPLICABLE","HIGH","None","Fixture owner and product data governance approval before any controlled reference change.","false"
"SITE_GROUP","3f94a342-400b-6557-eff0-a5e7947c9c5a","SAMPLE-METRO-MANILA","","","","NO_REALISTIC_EQUIVALENT","No physical identity match is established.","Synthetic test or coverage identity only.","Not a mapping basis.","No equivalent topology is established.","NOT_APPLICABLE","HIGH","None","Fixture owner and product data governance approval before any controlled reference change.","false"
